,top,bottom,shoes,formality,weather,user_rate,outfit,user_ID,model rate,color,is_favorite,title,fecha,descr
0,img_007.jpg,img_00000009.jpg,image25.jpg,2,2,1,480c6515-0bee-4505-a6e2-5c1eb4e0a14c,1,1,0,0,,,
1,img_007.jpg,img_00000009.jpg,image269.jpg,2,2,5,5456171c-cd88-4b9b-94b8-34c300a09ab0,1,5,0,0,,,
2,img_007.jpg,img_00000009.jpg,image262.jpeg,2,2,5,0d8facaf-1aa0-4b24-9096-65e8994f707c,1,5,0,0,,,
3,img_007.jpg,img_00000009.jpg,zap_2.jpg,2,2,2,12fe3b1c-171c-4f38-93d9-d929476b1d14,1,2,0,0,,,
4,img_007.jpg,img_00000009.jpg,zap_4.jpg,2,2,4,e92f2bf5-ac48-4db0-a8df-85d425434f7d,1,4,0,0,,,
5,img_007.jpg,img_00000003.jpg,image25.jpg,2,2,3,6d62593f-01f7-4bc8-8b67-d5ccd292f06a,1,3,0,0,,,
6,img_007.jpg,img_00000003.jpg,image269.jpg,2,2,1,6d1f953e-3176-4d46-8c66-4219d3a40658,1,1,0,0,,,
7,img_007.jpg,img_00000003.jpg,image262.jpeg,2,2,1,109738f4-0b21-44a2-b04b-9433e191b68b,1,1,0,0,,,
8,img_007.jpg,img_00000003.jpg,zap_2.jpg,2,2,1,e34fba40-bb74-4e9d-a978-156ffa2b745c,1,1,0,0,,,
9,img_007.jpg,img_00000003.jpg,zap_4.jpg,2,2,2,30e532c2-2eff-4ed1-a8b0-e75c618861ca,1,2,0,0,,,
10,img_007.jpg,img_00000066.jpg,image25.jpg,2,2,5,e12c91d9-b184-4eab-9b6d-0348fe6b6fd1,1,5,0,0,,,
11,img_007.jpg,img_00000066.jpg,image269.jpg,2,2,5,ef6f6fce-e418-4a73-a76a-ae487081bd7f,1,5,0,0,,,
12,img_007.jpg,img_00000066.jpg,image262.jpeg,2,2,3,da610a0b-48a7-48b7-b5db-a4128ad43cc5,1,3,0,0,,,
13,img_007.jpg,img_00000066.jpg,zap_2.jpg,2,2,3,5e1c250f-f61d-47eb-9b7d-f385714ea605,1,3,0,0,,,
14,img_007.jpg,img_00000066.jpg,zap_4.jpg,2,2,1,3c77243f-7ac5-4c6b-8287-e4545db42b8f,1,1,0,0,,,
15,img_007.jpg,jeans_1.jpg,image25.jpg,2,2,4,62bb5f55-ae6e-43bd-b81a-24c19aa8a484,1,4,0,0,,,
16,img_007.jpg,jeans_1.jpg,image269.jpg,2,2,3,5ffbcc19-518f-4b9b-9b33-60b5d84a87eb,1,3,0,0,,,
17,img_007.jpg,jeans_1.jpg,image262.jpeg,2,2,1,e9de798a-6e49-4c49-b272-6392d35148a8,1,1,0,0,,,
18,img_007.jpg,jeans_1.jpg,zap_2.jpg,2,2,4,93fbe732-979c-4cd5-8e98-bbe1dbe8cb9b,1,4,0,0,,,
19,img_007.jpg,jeans_1.jpg,zap_4.jpg,2,2,5,29ff6fe7-4004-43dc-884b-fcbf75d6fb84,1,5,0,0,,,
20,img_007.jpg,jeans_2.jpg,image25.jpg,2,2,4,fe99c265-d439-482f-9af3-0d3aceceff7e,1,4,0,0,,,
21,img_007.jpg,jeans_2.jpg,image269.jpg,2,2,5,9cfdaaf5-fa21-44a3-a7c0-2a2d265f6d5f,1,5,0,0,,,
22,img_007.jpg,jeans_2.jpg,image262.jpeg,2,2,3,8acadef4-e8ac-4496-9a64-6ceb178bd158,1,3,0,0,,,
23,img_007.jpg,jeans_2.jpg,zap_2.jpg,2,2,5,e6d13a86-0e40-4b6c-9670-e8079d5bcf9b,1,5,0,0,,,
24,img_007.jpg,jeans_2.jpg,zap_4.jpg,2,2,1,071d5044-4e3d-4543-848d-eb519a00b317,1,1,0,0,,,
25,img_007.jpg,short_1.jpg,image25.jpg,2,2,2,a0ecff28-456f-4ccb-8603-b2b54bdb737e,1,2,0,0,,,
26,img_007.jpg,short_1.jpg,image269.jpg,2,2,3,8b07ffc9-bfbe-46c6-811e-8e1e58604b2a,1,3,0,0,,,
27,img_007.jpg,short_1.jpg,image262.jpeg,2,2,1,741a313d-c2fb-478f-89b6-10f725f14405,1,1,0,0,,,
28,img_007.jpg,short_1.jpg,zap_2.jpg,2,2,1,10a6e6c6-3bee-4568-9c22-ec090a18a37e,1,1,0,0,,,
29,img_007.jpg,short_1.jpg,zap_4.jpg,2,2,5,1dd5dd21-74ea-4a21-8b9a-fc2c54721547,1,5,0,0,,,
30,img_007.jpg,short_2.jpg,image25.jpg,2,2,4,538353eb-95cb-45fd-bde1-24beea9fb392,1,4,0,0,,,
31,img_007.jpg,short_2.jpg,image269.jpg,2,2,3,fadb3e2d-3033-4358-b4c0-efeda3afb6e6,1,3,0,0,,,
32,img_007.jpg,short_2.jpg,image262.jpeg,2,2,2,f3ccfbb5-acc3-450d-83ac-af6cc95ea41a,1,2,0,0,,,
33,img_007.jpg,short_2.jpg,zap_2.jpg,2,2,5,d3a126a9-7b2b-4884-8e99-4b7358acc767,1,5,0,0,,,
34,img_007.jpg,short_2.jpg,zap_4.jpg,2,2,3,b1409fd6-38e5-4b68-8330-1dad02c842a0,1,3,0,0,,,
35,img_007.jpg,short_3.jpg,image25.jpg,2,2,1,acf5ce4b-e942-4e6c-b1a9-cf7ec32fdeec,1,1,0,0,,,
36,img_007.jpg,short_3.jpg,image269.jpg,2,2,4,60ae7949-fd24-4aa5-b1c8-632506613368,1,4,0,0,,,
37,img_007.jpg,short_3.jpg,image262.jpeg,2,2,1,cf490925-fc2e-49ce-9e69-30db5c81cf7b,1,1,0,0,,,
38,img_007.jpg,short_3.jpg,zap_2.jpg,2,2,3,144f0339-c3ab-49b4-8048-70fabee6f0b0,1,3,0,0,,,
39,img_007.jpg,short_3.jpg,zap_4.jpg,2,2,3,5ada9840-19b8-4bae-8d6c-584dd5f4ffb5,1,3,0,0,,,
40,camisa_2.jpg,img_00000009.jpg,image25.jpg,2,2,1,beebc742-6930-4ae7-874f-61a918a0b300,1,1,0,0,,,
41,camisa_2.jpg,img_00000009.jpg,image269.jpg,2,2,3,1755f5cd-2f43-46e4-8399-566f83ab141d,1,3,0,0,,,
42,camisa_2.jpg,img_00000009.jpg,image262.jpeg,2,2,2,c6da7d56-03b3-4f08-9bf9-8dc141f56a27,1,2,0,0,,,
43,camisa_2.jpg,img_00000009.jpg,zap_2.jpg,2,2,1,849d1e35-3db4-42d7-b3e0-f044df07f4bb,1,1,0,0,,,
44,camisa_2.jpg,img_00000009.jpg,zap_4.jpg,2,2,3,c83767bf-2c49-4b51-ab1a-7e7caec7268b,1,3,0,0,,,
45,camisa_2.jpg,img_00000003.jpg,image25.jpg,2,2,4,bc5900d4-be48-4741-989d-577668110e3b,1,4,0,0,,,
46,camisa_2.jpg,img_00000003.jpg,image269.jpg,2,2,3,9c3e0fc6-ba71-43ea-b43f-df8f8cfed905,1,3,0,0,,,
47,camisa_2.jpg,img_00000003.jpg,image262.jpeg,2,2,2,2173887e-79f0-4957-84da-a661d87d44bc,1,2,0,0,,,
48,camisa_2.jpg,img_00000003.jpg,zap_2.jpg,2,2,5,a4dbfb25-53a7-435c-a518-a79f2d085b47,1,5,0,0,,,
49,camisa_2.jpg,img_00000003.jpg,zap_4.jpg,2,2,1,c6dd66fa-5e22-448a-9a86-2a172d57e0e5,1,1,0,0,,,
50,camisa_2.jpg,img_00000066.jpg,image25.jpg,2,2,1,c6174dfa-06ca-4566-8ece-d72c3d21663f,1,1,0,0,,,
51,camisa_2.jpg,img_00000066.jpg,image269.jpg,2,2,5,ec3bbcf1-2b4d-41fb-8d6e-49fb43440d3b,1,5,0,0,,,
52,camisa_2.jpg,img_00000066.jpg,image262.jpeg,2,2,3,50bb8dc2-6bd2-465e-b27d-e65cffd51e02,1,3,0,0,,,
53,camisa_2.jpg,img_00000066.jpg,zap_2.jpg,2,2,2,2ad6f59a-e18f-419e-a435-28ab8c4dde14,1,2,0,0,,,
54,camisa_2.jpg,img_00000066.jpg,zap_4.jpg,2,2,5,4827389f-2d4a-45ee-8563-32d0eb114272,1,5,0,0,,,
55,camisa_2.jpg,jeans_1.jpg,image25.jpg,2,2,2,2926fa26-796c-4710-b987-db30df29e889,1,2,0,0,,,
56,camisa_2.jpg,jeans_1.jpg,image269.jpg,2,2,3,830346f0-cca6-4c8c-b17f-26f35891c5ad,1,3,0,0,,,
57,camisa_2.jpg,jeans_1.jpg,image262.jpeg,2,2,2,404c5d1b-f8cf-4c01-918a-96abe6b8f7b0,1,2,0,0,,,
58,camisa_2.jpg,jeans_1.jpg,zap_2.jpg,2,2,5,5f492366-d020-45e6-95fe-a19b1169a178,1,5,0,0,,,
59,camisa_2.jpg,jeans_1.jpg,zap_4.jpg,2,2,4,24b46a47-1950-40fd-be97-0f4e6a881c1f,1,4,0,0,,,
60,camisa_2.jpg,jeans_2.jpg,image25.jpg,2,2,2,05508eb0-9b3c-467b-b748-81715bdf56b5,1,2,0,0,,,
61,camisa_2.jpg,jeans_2.jpg,image269.jpg,2,2,1,83bb24bf-f444-415c-ba79-1504f945ba81,1,1,0,0,,,
62,camisa_2.jpg,jeans_2.jpg,image262.jpeg,2,2,2,570d72fc-7c2d-4a28-955f-a8c459c4c03c,1,2,0,0,,,
63,camisa_2.jpg,jeans_2.jpg,zap_2.jpg,2,2,2,5b229937-1465-4716-936f-03242d74d535,1,2,0,0,,,
64,camisa_2.jpg,jeans_2.jpg,zap_4.jpg,2,2,2,3ded06a4-a7b4-4784-b0f9-4d099f974234,1,2,0,0,,,
65,camisa_2.jpg,short_1.jpg,image25.jpg,2,2,5,4c094a18-fb30-4baf-aafe-d31d0ecbd730,1,5,0,0,,,
66,camisa_2.jpg,short_1.jpg,image269.jpg,2,2,3,da4b0fc1-85d0-45db-a059-a274aeb78f2e,1,3,0,0,,,
67,camisa_2.jpg,short_1.jpg,image262.jpeg,2,2,5,105622eb-968d-4f60-8538-ed63c7c3b804,1,5,0,0,,,
68,camisa_2.jpg,short_1.jpg,zap_2.jpg,2,2,4,dd6356ed-434f-4639-b931-2be9c886a08c,1,4,0,0,,,
69,camisa_2.jpg,short_1.jpg,zap_4.jpg,2,2,2,98f3292e-a637-4523-85db-c5eb5138e4f5,1,2,0,0,,,
70,camisa_2.jpg,short_2.jpg,image25.jpg,2,2,1,f4c054ad-90e8-4a3d-92b5-da451953af27,1,1,0,0,,,
71,camisa_2.jpg,short_2.jpg,image269.jpg,2,2,4,b8c40aa2-7dc4-4584-bcd2-0508c46f96c1,1,4,0,0,,,
72,camisa_2.jpg,short_2.jpg,image262.jpeg,2,2,2,49e6fbfa-2deb-47e6-9f35-a0468b2de43d,1,2,0,0,,,
73,camisa_2.jpg,short_2.jpg,zap_2.jpg,2,2,5,b23668ed-4a38-4785-b843-ecc2fc7820b9,1,5,0,0,,,
74,camisa_2.jpg,short_2.jpg,zap_4.jpg,2,2,2,adf62f77-4318-4bb0-a666-e0a6e0185be3,1,2,0,0,,,
75,camisa_2.jpg,short_3.jpg,image25.jpg,2,2,4,07a60971-761d-4a2a-8568-a663c5a93169,1,4,0,0,,,
76,camisa_2.jpg,short_3.jpg,image269.jpg,2,2,4,d676feb2-3dfd-4b93-92aa-9e0c70a8317a,1,4,0,0,,,
77,camisa_2.jpg,short_3.jpg,image262.jpeg,2,2,1,6ddc7e1f-ba88-4e6d-8818-2db08cc0ba94,1,1,0,0,,,
78,camisa_2.jpg,short_3.jpg,zap_2.jpg,2,2,5,7fd19861-3422-46a6-8d07-9d6ef0320e40,1,5,0,0,,,
79,camisa_2.jpg,short_3.jpg,zap_4.jpg,2,2,2,f6775d26-d37f-4130-bd4c-84fd30457c17,1,2,0,0,,,
80,img_00000002.jpg,img_00000009.jpg,image25.jpg,2,2,5,4c23b91d-a191-4366-a155-eb3086813f5b,1,5,0,0,,,
81,img_00000002.jpg,img_00000009.jpg,image269.jpg,2,2,1,4bf84b88-2fbf-4a3f-9eed-a41c9bd1234b,1,1,0,0,,,
82,img_00000002.jpg,img_00000009.jpg,image262.jpeg,2,2,4,5cc7430a-89e0-4a6b-990e-bab721087156,1,4,0,0,,,
83,img_00000002.jpg,img_00000009.jpg,zap_2.jpg,2,2,5,7f9e9b60-2d5f-4352-afb5-8e342f526ea3,1,5,0,0,,,
84,img_00000002.jpg,img_00000009.jpg,zap_4.jpg,2,2,1,1d5f422a-5660-4be7-811f-492ee929c019,1,1,0,0,,,
85,img_00000002.jpg,img_00000003.jpg,image25.jpg,2,2,5,acdd80fb-8784-4e7e-ab06-abd1f8d8d239,1,5,0,0,,,
86,img_00000002.jpg,img_00000003.jpg,image269.jpg,2,2,2,40c8dff5-bd40-4807-8a6e-f1d88647c4d8,1,2,0,0,,,
87,img_00000002.jpg,img_00000003.jpg,image262.jpeg,2,2,4,003a98e6-5c78-4fe0-8ccd-67376d3dc147,1,4,0,0,,,
88,img_00000002.jpg,img_00000003.jpg,zap_2.jpg,2,2,1,f2e75ab3-1de7-4d8f-bbe7-e336b75ccdef,1,1,0,0,,,
89,img_00000002.jpg,img_00000003.jpg,zap_4.jpg,2,2,4,f763df54-cb96-48be-b2e0-b404e5f8b26c,1,4,0,0,,,
90,img_00000002.jpg,img_00000066.jpg,image25.jpg,2,2,1,878abe5d-e880-4b75-aa19-98ae6637f1b4,1,1,0,0,,,
91,img_00000002.jpg,img_00000066.jpg,image269.jpg,2,2,3,ad7e56bd-4e37-4ea3-bc56-a90036d600e7,1,3,0,0,,,
92,img_00000002.jpg,img_00000066.jpg,image262.jpeg,2,2,2,7cf7ea34-f422-4c8e-9c1c-c337e931f6a1,1,2,0,0,,,
93,img_00000002.jpg,img_00000066.jpg,zap_2.jpg,2,2,3,cfb3158d-dda0-4210-ac71-54f38a24f0e7,1,3,0,0,,,
94,img_00000002.jpg,img_00000066.jpg,zap_4.jpg,2,2,5,02e5c43b-347e-4fc2-8adb-7fbaa0c0f476,1,5,0,0,,,
95,img_00000002.jpg,jeans_1.jpg,image25.jpg,2,2,2,40933f5c-ab8e-4252-ab25-b6daeaa6cdbf,1,2,0,0,,,
96,img_00000002.jpg,jeans_1.jpg,image269.jpg,2,2,2,372aa3eb-4a86-4477-8eb3-8901440dc39d,1,2,0,0,,,
97,img_00000002.jpg,jeans_1.jpg,image262.jpeg,2,2,1,8a45439e-7212-4a7c-99fc-74f26db28239,1,1,0,0,,,
98,img_00000002.jpg,jeans_1.jpg,zap_2.jpg,2,2,5,f8832044-0d7f-430c-92dd-2b1ec15cbb09,1,5,0,0,,,
99,img_00000002.jpg,jeans_1.jpg,zap_4.jpg,2,2,1,fff05d7d-42ee-49c2-aefd-37612ef47809,1,1,0,0,,,
100,img_00000002.jpg,jeans_2.jpg,image25.jpg,2,2,4,ea033144-780e-4578-9186-5984a94953c1,1,4,0,0,,,
101,img_00000002.jpg,jeans_2.jpg,image269.jpg,2,2,3,086bb921-6c1f-460c-9fb7-14444c910350,1,3,0,0,,,
102,img_00000002.jpg,jeans_2.jpg,image262.jpeg,2,2,4,56b02af3-22fa-49f9-afad-702ddd867720,1,4,0,0,,,
103,img_00000002.jpg,jeans_2.jpg,zap_2.jpg,2,2,3,154da326-6a76-4a8d-884c-f2da599ccf08,1,3,0,0,,,
104,img_00000002.jpg,jeans_2.jpg,zap_4.jpg,2,2,1,241a1d08-a3fa-4fa9-a028-63b6254a95d2,1,1,0,0,,,
105,img_00000002.jpg,short_1.jpg,image25.jpg,2,2,3,591c237e-8b3f-4952-bd27-ea27285141a1,1,3,0,0,,,
106,img_00000002.jpg,short_1.jpg,image269.jpg,2,2,5,0e327053-f95e-4522-b63e-826a7d6bf68a,1,5,0,0,,,
107,img_00000002.jpg,short_1.jpg,image262.jpeg,2,2,4,94beed19-53e6-45e9-aeab-311346475d07,1,4,0,0,,,
108,img_00000002.jpg,short_1.jpg,zap_2.jpg,2,2,5,b62a9c4e-fb43-426f-9ac3-8d9a57ea926a,1,5,0,0,,,
109,img_00000002.jpg,short_1.jpg,zap_4.jpg,2,2,5,60b0f0b1-7c8c-4065-9346-01f2b3d4a0da,1,5,0,0,,,
110,img_00000002.jpg,short_2.jpg,image25.jpg,2,2,4,b3f113d8-d93f-437d-94ba-24d6f50e1498,1,4,0,0,,,
111,img_00000002.jpg,short_2.jpg,image269.jpg,2,2,4,55282463-a593-4e4d-8c80-cc3c95dc0a4b,1,4,0,0,,,
112,img_00000002.jpg,short_2.jpg,image262.jpeg,2,2,3,f441a04b-71cb-4213-ba13-46ab1b87f082,1,3,0,0,,,
113,img_00000002.jpg,short_2.jpg,zap_2.jpg,2,2,1,6b3416a7-25d7-4768-865b-7b102270c928,1,1,0,0,,,
114,img_00000002.jpg,short_2.jpg,zap_4.jpg,2,2,4,e6f7c2e2-d877-4b39-b0f5-0af70ec6593e,1,4,0,0,,,
115,img_00000002.jpg,short_3.jpg,image25.jpg,2,2,1,2a733e6b-c672-4e5d-9122-f49134909602,1,1,0,0,,,
116,img_00000002.jpg,short_3.jpg,image269.jpg,2,2,5,88fa1523-d785-4fc3-8a42-c05937909eba,1,5,0,0,,,
117,img_00000002.jpg,short_3.jpg,image262.jpeg,2,2,4,a18d7c35-a335-4a19-a38a-b5bbfe7be04a,1,4,0,0,,,
118,img_00000002.jpg,short_3.jpg,zap_2.jpg,2,2,4,5591fc05-5688-4f1a-a64f-ab048a1a570d,1,4,0,0,,,
119,img_00000002.jpg,short_3.jpg,zap_4.jpg,2,2,1,15a74c77-44d3-4879-a6a4-72a1c6bd8270,1,1,0,0,,,
120,img_00000049.jpg,img_00000009.jpg,image25.jpg,2,2,1,27e9d9e5-7a45-4ba4-85ed-a38b8f0dc365,1,1,0,0,,,
121,img_00000049.jpg,img_00000009.jpg,image269.jpg,2,2,3,30c9dacd-aa36-46fa-93c9-d94d66d2d321,1,3,0,0,,,
122,img_00000049.jpg,img_00000009.jpg,image262.jpeg,2,2,3,c39b2489-93c7-462f-8892-2142a1b0ec12,1,3,0,0,,,
123,img_00000049.jpg,img_00000009.jpg,zap_2.jpg,2,2,1,721b24d8-5613-4eb5-99e9-d46ce49569d6,1,1,0,0,,,
124,img_00000049.jpg,img_00000009.jpg,zap_4.jpg,2,2,3,ce137f05-acd2-45cf-aa64-829573404523,1,3,0,0,,,
125,img_00000049.jpg,img_00000003.jpg,image25.jpg,2,2,5,e0d51f6e-d5e5-4503-be34-4b70d9a34c49,1,5,0,0,,,
126,img_00000049.jpg,img_00000003.jpg,image269.jpg,2,2,4,85d33a4e-d3e5-4752-8a39-01e5cede31e4,1,4,0,0,,,
127,img_00000049.jpg,img_00000003.jpg,image262.jpeg,2,2,3,da77fd10-a497-4184-92e7-54ec1dbcfea2,1,3,0,0,,,
128,img_00000049.jpg,img_00000003.jpg,zap_2.jpg,2,2,4,50c6bc88-6ca4-4e00-9680-3904e5369f24,1,4,0,0,,,
129,img_00000049.jpg,img_00000003.jpg,zap_4.jpg,2,2,1,8abde7f2-7ebf-4931-a49b-a5abc120a3d2,1,1,0,0,,,
130,img_00000049.jpg,img_00000066.jpg,image25.jpg,2,2,2,5dead2de-e5f3-4842-ac78-f56cdc42eb9f,1,2,0,0,,,
131,img_00000049.jpg,img_00000066.jpg,image269.jpg,2,2,2,bcf87c23-4298-4f1f-8bbd-c1427b54cd22,1,2,0,0,,,
132,img_00000049.jpg,img_00000066.jpg,image262.jpeg,2,2,1,98f94523-c52a-46b0-a166-4f3ae9c6e6f4,1,1,0,0,,,
133,img_00000049.jpg,img_00000066.jpg,zap_2.jpg,2,2,3,117ac033-415d-4e5d-a4ef-a4a69ab7dd6b,1,3,0,0,,,
134,img_00000049.jpg,img_00000066.jpg,zap_4.jpg,2,2,5,efb58e15-8618-4ef6-a1fc-1a68d445b052,1,5,0,0,,,
135,img_00000049.jpg,jeans_1.jpg,image25.jpg,2,2,5,7b35eb99-a728-40b7-9090-9a42d0c82431,1,5,0,0,,,
136,img_00000049.jpg,jeans_1.jpg,image269.jpg,2,2,5,7704e640-cf20-416e-9d64-afb530ba7cd1,1,5,0,0,,,
137,img_00000049.jpg,jeans_1.jpg,image262.jpeg,2,2,4,842747c0-5c72-4560-9976-3a0a83e377d4,1,4,0,0,,,
138,img_00000049.jpg,jeans_1.jpg,zap_2.jpg,2,2,4,39a4da13-c978-497a-8235-b9866c9a91ec,1,4,0,0,,,
139,img_00000049.jpg,jeans_1.jpg,zap_4.jpg,2,2,4,087e0ece-054c-4d17-8224-3b5f030fa1bf,1,4,0,0,,,
140,img_00000049.jpg,jeans_2.jpg,image25.jpg,2,2,5,99d33616-f42d-4011-9cc6-c6d69673624a,1,5,0,0,,,
141,img_00000049.jpg,jeans_2.jpg,image269.jpg,2,2,1,7b7d970b-b447-4e26-936a-264c0b3ec572,1,1,0,0,,,
142,img_00000049.jpg,jeans_2.jpg,image262.jpeg,2,2,1,9e14571a-3cc9-471e-9e16-74183ac8c4f0,1,1,0,0,,,
143,img_00000049.jpg,jeans_2.jpg,zap_2.jpg,2,2,2,8af9f724-7927-4473-93b6-58ed45089334,1,2,0,0,,,
144,img_00000049.jpg,jeans_2.jpg,zap_4.jpg,2,2,5,ef8b750e-f1cd-48ed-92a8-8b87d7f517c0,1,5,0,0,,,
145,img_00000049.jpg,short_1.jpg,image25.jpg,2,2,2,18f1bef6-8700-4359-b539-1d927e7acf32,1,2,0,0,,,
146,img_00000049.jpg,short_1.jpg,image269.jpg,2,2,4,af243127-d9a9-41c4-9a23-e37e85bf036a,1,4,0,0,,,
147,img_00000049.jpg,short_1.jpg,image262.jpeg,2,2,5,b96fc58a-2e77-4a9d-b8d3-a2fbdd5100c0,1,5,0,0,,,
148,img_00000049.jpg,short_1.jpg,zap_2.jpg,2,2,3,bc8b0f59-6f01-4dfb-8ebb-14a0de70d834,1,3,0,0,,,
149,img_00000049.jpg,short_1.jpg,zap_4.jpg,2,2,5,282546cd-133c-404d-86b0-4dcc2716b130,1,5,0,0,,,
150,img_00000049.jpg,short_2.jpg,image25.jpg,2,2,5,10eab8d2-f9a2-41eb-bd9c-c8011c79a2ed,1,5,0,0,,,
151,img_00000049.jpg,short_2.jpg,image269.jpg,2,2,3,71757126-b986-4e1e-8959-406a646a3fb7,1,3,0,0,,,
152,img_00000049.jpg,short_2.jpg,image262.jpeg,2,2,2,0c49ed4f-d5bf-483b-89be-c0dc8276d789,1,2,0,0,,,
153,img_00000049.jpg,short_2.jpg,zap_2.jpg,2,2,2,d5129b8c-cb0b-4f93-aaa9-3c445b413176,1,2,0,0,,,
154,img_00000049.jpg,short_2.jpg,zap_4.jpg,2,2,2,7b2c04c7-ae71-4bec-9944-64f712bf737b,1,2,0,0,,,
155,img_00000049.jpg,short_3.jpg,image25.jpg,2,2,2,da4a78bc-9a85-4ff3-a72d-ba5ef44852e0,1,2,0,0,,,
156,img_00000049.jpg,short_3.jpg,image269.jpg,2,2,3,88668243-3026-46d8-bdc0-05efc2847449,1,3,0,0,,,
157,img_00000049.jpg,short_3.jpg,image262.jpeg,2,2,3,be0f005d-e522-4e5b-adcd-aa5bcf402304,1,3,0,0,,,
158,img_00000049.jpg,short_3.jpg,zap_2.jpg,2,2,4,44476127-6820-4891-beb9-e849196ae7c8,1,4,0,0,,,
159,img_00000049.jpg,short_3.jpg,zap_4.jpg,2,2,2,4de90f98-a6d8-40ee-9085-65f2f59f3c2c,1,2,0,0,,,
160,img_0049.jpg,img_00000009.jpg,image25.jpg,2,2,4,05f9de6c-2cbe-4ef5-a5f7-b8e8fc33ab99,1,4,0,0,,,
161,img_0049.jpg,img_00000009.jpg,image269.jpg,2,2,5,813793b6-1583-46aa-84f7-16e0d0a413c1,1,5,0,0,,,
162,img_0049.jpg,img_00000009.jpg,image262.jpeg,2,2,1,8f128997-c6c3-4cc2-8745-38d2bfb88c78,1,1,0,0,,,
163,img_0049.jpg,img_00000009.jpg,zap_2.jpg,2,2,2,97393851-7811-449a-a46b-0b8492fd36b8,1,2,0,0,,,
164,img_0049.jpg,img_00000009.jpg,zap_4.jpg,2,2,5,501e3507-665a-4fec-b882-a4bdc848d9ed,1,5,0,0,,,
165,img_0049.jpg,img_00000003.jpg,image25.jpg,2,2,1,ca229685-8dcd-4192-8f92-0c78800876c0,1,1,0,0,,,
166,img_0049.jpg,img_00000003.jpg,image269.jpg,2,2,3,97c01f31-24f7-4e99-8350-fc9e7dfbbf2e,1,3,0,0,,,
167,img_0049.jpg,img_00000003.jpg,image262.jpeg,2,2,1,608cd799-28d5-45d6-8ae6-1f179569cd28,1,1,0,0,,,
168,img_0049.jpg,img_00000003.jpg,zap_2.jpg,2,2,5,d1c0d8ce-b749-40e3-8b48-f97ea6ce21e0,1,5,0,0,,,
169,img_0049.jpg,img_00000003.jpg,zap_4.jpg,2,2,5,5b69bcae-16b6-436a-8b1f-b9ddbdf59828,1,5,0,0,,,
170,img_0049.jpg,img_00000066.jpg,image25.jpg,2,2,5,f87f858c-603a-4d27-b9e7-31f365c89001,1,5,0,0,,,
171,img_0049.jpg,img_00000066.jpg,image269.jpg,2,2,4,2b552958-2217-4be4-b688-c30410e01a65,1,4,0,0,,,
172,img_0049.jpg,img_00000066.jpg,image262.jpeg,2,2,3,aa19131f-90e5-44ec-b9c7-8a3ebbd6fcda,1,3,0,0,,,
173,img_0049.jpg,img_00000066.jpg,zap_2.jpg,2,2,4,5b2b4dbb-796f-427b-9c91-f6b8cd83907d,1,4,0,0,,,
174,img_0049.jpg,img_00000066.jpg,zap_4.jpg,2,2,1,4cd78aaf-7078-4322-b3e1-655b75e21ce8,1,1,0,0,,,
175,img_0049.jpg,jeans_1.jpg,image25.jpg,2,2,5,0a5c506a-b636-46d2-9e52-f8a7113498a1,1,5,0,0,,,
176,img_0049.jpg,jeans_1.jpg,image269.jpg,2,2,2,12295981-b0b2-4ad2-a6d0-cdd302e280e1,1,2,0,0,,,
177,img_0049.jpg,jeans_1.jpg,image262.jpeg,2,2,3,3e5fe0ca-6455-47d7-8871-410d12084a69,1,3,0,0,,,
178,img_0049.jpg,jeans_1.jpg,zap_2.jpg,2,2,1,c0a038d5-8b73-41fc-b968-42c693e93944,1,1,0,0,,,
179,img_0049.jpg,jeans_1.jpg,zap_4.jpg,2,2,3,90b0e63d-9e80-45dd-b03c-e83d04840313,1,3,0,0,,,
180,img_0049.jpg,jeans_2.jpg,image25.jpg,2,2,2,a955520d-e561-4ef2-a21d-efeff4ab239d,1,2,0,0,,,
181,img_0049.jpg,jeans_2.jpg,image269.jpg,2,2,1,76f79c0b-b44a-4e15-bf3e-f283035d08dd,1,1,0,0,,,
182,img_0049.jpg,jeans_2.jpg,image262.jpeg,2,2,4,b2c41755-d076-4817-9a98-2ec21ae89c20,1,4,0,0,,,
183,img_0049.jpg,jeans_2.jpg,zap_2.jpg,2,2,3,1458df91-952f-4ad9-b1ba-11a95dd8ad06,1,3,0,0,,,
184,img_0049.jpg,jeans_2.jpg,zap_4.jpg,2,2,5,1bd76cfe-1454-4740-baa7-6bacc4963cf3,1,5,0,0,,,
185,img_0049.jpg,short_1.jpg,image25.jpg,2,2,2,5612407a-56d8-40a7-8add-7f3b111423c7,1,2,0,0,,,
186,img_0049.jpg,short_1.jpg,image269.jpg,2,2,1,f75f56e6-2ce5-413c-ad8b-a323e3d3656e,1,1,0,0,,,
187,img_0049.jpg,short_1.jpg,image262.jpeg,2,2,5,ff04c77b-8cb4-48c4-8301-7f5db56b78c5,1,5,0,0,,,
188,img_0049.jpg,short_1.jpg,zap_2.jpg,2,2,5,6ec6f47e-c4e5-49f9-98ba-48ae01c9a063,1,5,0,0,,,
189,img_0049.jpg,short_1.jpg,zap_4.jpg,2,2,5,117e0ff6-c559-478b-9f4a-0197be7e3a23,1,5,0,0,,,
190,img_0049.jpg,short_2.jpg,image25.jpg,2,2,1,5207cfa4-b4fc-4683-b6a2-05c071983024,1,1,0,0,,,
191,img_0049.jpg,short_2.jpg,image269.jpg,2,2,4,ff99ed60-a549-450e-9726-b93d744a982a,1,4,0,0,,,
192,img_0049.jpg,short_2.jpg,image262.jpeg,2,2,2,3c56416e-e0a9-4dcd-a83e-6191e0d51a99,1,2,0,0,,,
193,img_0049.jpg,short_2.jpg,zap_2.jpg,2,2,5,5ffad5a3-b19b-464f-b98f-b15a110c05f2,1,5,0,0,,,
194,img_0049.jpg,short_2.jpg,zap_4.jpg,2,2,1,55cbb0fd-38b2-411c-85d6-4115571c42e9,1,1,0,0,,,
195,img_0049.jpg,short_3.jpg,image25.jpg,2,2,5,e709b3a7-2998-45d0-b155-c5815dfc1169,1,5,0,0,,,
196,img_0049.jpg,short_3.jpg,image269.jpg,2,2,1,82ff9507-8668-4598-9792-96b66eae9392,1,1,0,0,,,
197,img_0049.jpg,short_3.jpg,image262.jpeg,2,2,5,95c760c7-cd88-44fc-a4e8-6b4bfee5e8b6,1,5,0,0,,,
198,img_0049.jpg,short_3.jpg,zap_2.jpg,2,2,5,aaa5c6ae-3c23-4da1-af20-49022e30b501,1,5,0,0,,,
199,img_0049.jpg,short_3.jpg,zap_4.jpg,2,2,2,b126bc9c-8405-45ed-8122-09331662c25c,1,2,0,0,,,
200,img_00000056.jpg,img_00000009.jpg,image25.jpg,2,2,1,353334ac-0f44-4720-a5fe-f5c7ebb36330,1,1,0,0,,,
201,img_00000056.jpg,img_00000009.jpg,image269.jpg,2,2,1,3ad35229-0672-43db-bf8b-01fde770c9a8,1,1,0,0,,,
202,img_00000056.jpg,img_00000009.jpg,image262.jpeg,2,2,4,d062003a-2673-4d3e-b8e2-10932663255f,1,4,0,0,,,
203,img_00000056.jpg,img_00000009.jpg,zap_2.jpg,2,2,1,805f42af-b9df-4586-9df2-70bb297779bc,1,1,0,0,,,
204,img_00000056.jpg,img_00000009.jpg,zap_4.jpg,2,2,1,0053fd9c-0c5d-4af8-bf01-f6039c205004,1,1,0,0,,,
205,img_00000056.jpg,img_00000003.jpg,image25.jpg,2,2,4,3a355fa0-6d19-4e5e-a2d4-4299542fab1f,1,4,0,0,,,
206,img_00000056.jpg,img_00000003.jpg,image269.jpg,2,2,4,93087182-0251-4559-a3cd-8283a1d65b7c,1,4,0,0,,,
207,img_00000056.jpg,img_00000003.jpg,image262.jpeg,2,2,4,b063e0ef-f7ef-4682-ab5c-023113948d78,1,4,0,0,,,
208,img_00000056.jpg,img_00000003.jpg,zap_2.jpg,2,2,5,44616362-7ff2-44a6-b898-722c019c40ac,1,5,0,0,,,
209,img_00000056.jpg,img_00000003.jpg,zap_4.jpg,2,2,4,b9027e3e-25af-453b-9a8a-d7e8aebf1479,1,4,0,0,,,
210,img_00000056.jpg,img_00000066.jpg,image25.jpg,2,2,5,6a1a9b2a-5568-44ff-a4fe-c37124a18942,1,5,0,0,,,
211,img_00000056.jpg,img_00000066.jpg,image269.jpg,2,2,5,850ac90b-4a08-4835-9745-f2b320cdb596,1,5,0,0,,,
212,img_00000056.jpg,img_00000066.jpg,image262.jpeg,2,2,3,17be1bbb-2706-48fa-aed5-d090b83a41d3,1,3,0,0,,,
213,img_00000056.jpg,img_00000066.jpg,zap_2.jpg,2,2,2,d6045487-2d3c-43e3-848e-837c99b1ff6a,1,2,0,0,,,
214,img_00000056.jpg,img_00000066.jpg,zap_4.jpg,2,2,4,bdffeb92-5bb3-47d8-860a-b89e5d5637d2,1,4,0,0,,,
215,img_00000056.jpg,jeans_1.jpg,image25.jpg,2,2,4,aa0c4a06-1e29-4ce6-aa3d-a1c2cab39792,1,4,0,0,,,
216,img_00000056.jpg,jeans_1.jpg,image269.jpg,2,2,1,9bf00da6-9fad-404f-9a2d-a6dacdba26de,1,1,0,0,,,
217,img_00000056.jpg,jeans_1.jpg,image262.jpeg,2,2,5,ae8e6e51-ff9f-4f33-88cf-d5888cc75583,1,5,0,0,,,
218,img_00000056.jpg,jeans_1.jpg,zap_2.jpg,2,2,5,faa36151-2a76-4729-86a3-c39c49c4444d,1,5,0,0,,,
219,img_00000056.jpg,jeans_1.jpg,zap_4.jpg,2,2,3,da976d17-7d68-4236-a72a-00644f969d30,1,3,0,0,,,
220,img_00000056.jpg,jeans_2.jpg,image25.jpg,2,2,2,f0297635-a1de-4513-ad65-aa37a97232c0,1,2,0,0,,,
221,img_00000056.jpg,jeans_2.jpg,image269.jpg,2,2,3,5fafb01c-f8e3-4a15-a813-58ec4d42d663,1,3,0,0,,,
222,img_00000056.jpg,jeans_2.jpg,image262.jpeg,2,2,1,bb9f5f06-fbc2-4d0d-a0a2-0e62baadc8c3,1,1,0,0,,,
223,img_00000056.jpg,jeans_2.jpg,zap_2.jpg,2,2,2,4ded1883-94d0-4838-b04c-ba3d20c381d7,1,2,0,0,,,
224,img_00000056.jpg,jeans_2.jpg,zap_4.jpg,2,2,4,4684f989-098c-4a14-83f3-66bc2d547ff9,1,4,0,0,,,
225,img_00000056.jpg,short_1.jpg,image25.jpg,2,2,1,be2be3c4-4f59-4b55-9ac0-f8b1f880433c,1,1,0,0,,,
226,img_00000056.jpg,short_1.jpg,image269.jpg,2,2,5,74ec2e07-d1b5-4494-9ae1-2d8155ddc0d7,1,5,0,0,,,
227,img_00000056.jpg,short_1.jpg,image262.jpeg,2,2,3,50d5bb41-d20b-43dc-b6ea-4afcb382724b,1,3,0,0,,,
228,img_00000056.jpg,short_1.jpg,zap_2.jpg,2,2,5,f5ad60fa-42f3-4874-bddb-ada903950904,1,5,0,0,,,
229,img_00000056.jpg,short_1.jpg,zap_4.jpg,2,2,3,0da4809c-ce09-49c6-90a4-69e424008661,1,3,0,0,,,
230,img_00000056.jpg,short_2.jpg,image25.jpg,2,2,1,3d809b26-8e83-4c97-a385-9f59b6e2622d,1,1,0,0,,,
231,img_00000056.jpg,short_2.jpg,image269.jpg,2,2,4,32b6c777-7842-4c68-8ab1-42fd64afb14e,1,4,0,0,,,
232,img_00000056.jpg,short_2.jpg,image262.jpeg,2,2,5,0d5bdb74-f380-434b-836f-96d2a3439b95,1,5,0,0,,,
233,img_00000056.jpg,short_2.jpg,zap_2.jpg,2,2,5,5fc151c8-f99f-4106-8be3-25c6b5f54d98,1,5,0,0,,,
234,img_00000056.jpg,short_2.jpg,zap_4.jpg,2,2,5,20b0f1de-7762-4c9b-a72d-eacf86361b46,1,5,0,0,,,
235,img_00000056.jpg,short_3.jpg,image25.jpg,2,2,3,03c6c865-db6c-489d-8823-8686b46379ec,1,3,0,0,,,
236,img_00000056.jpg,short_3.jpg,image269.jpg,2,2,2,4384f275-b890-45bc-847c-e4ef0b1ed277,1,2,0,0,,,
237,img_00000056.jpg,short_3.jpg,image262.jpeg,2,2,1,865c0297-9bdc-4ef3-8a9e-2b56b52ff0ca,1,1,0,0,,,
238,img_00000056.jpg,short_3.jpg,zap_2.jpg,2,2,5,d24c941f-f3cd-466c-b450-6c9b31be13a2,1,5,0,0,,,
239,img_00000056.jpg,short_3.jpg,zap_4.jpg,2,2,3,821d7b73-a67b-49a0-adf4-09f689474e37,1,3,0,0,,,
240,polo_2.jpg,img_00000009.jpg,image25.jpg,2,2,4,13448716-c4d9-408e-86c0-8993e39167fe,1,4,0,0,,,
241,polo_2.jpg,img_00000009.jpg,image269.jpg,2,2,3,97954384-7bb1-4f12-a773-003e20a507c1,1,3,0,0,,,
242,polo_2.jpg,img_00000009.jpg,image262.jpeg,2,2,3,ba5b1960-fd99-4be5-b345-2e717f81e4b9,1,3,0,0,,,
243,polo_2.jpg,img_00000009.jpg,zap_2.jpg,2,2,1,ac95e871-9d72-4cb7-a1c4-ffde144d58f5,1,1,0,0,,,
244,polo_2.jpg,img_00000009.jpg,zap_4.jpg,2,2,1,0a65fbe8-bcb4-4835-9df4-177570d83c07,1,1,0,0,,,
245,polo_2.jpg,img_00000003.jpg,image25.jpg,2,2,5,a6ff63e0-dd4c-4d4a-9bdb-d91b44bb597d,1,5,0,0,,,
246,polo_2.jpg,img_00000003.jpg,image269.jpg,2,2,1,c08e695f-3015-4169-be75-14bce0074294,1,1,0,0,,,
247,polo_2.jpg,img_00000003.jpg,image262.jpeg,2,2,3,75003c0d-d82b-412d-b581-e7d9f0919113,1,3,0,0,,,
248,polo_2.jpg,img_00000003.jpg,zap_2.jpg,2,2,4,46b87d41-f896-4dbf-9816-0e1b5d34b8ef,1,4,0,0,,,
249,polo_2.jpg,img_00000003.jpg,zap_4.jpg,2,2,3,4d85551b-6f6e-4e3b-94b9-84fd15131d57,1,3,0,0,,,
250,polo_2.jpg,img_00000066.jpg,image25.jpg,2,2,1,94a12278-ae99-42df-8ab9-8749ccd1a8aa,1,1,0,0,,,
251,polo_2.jpg,img_00000066.jpg,image269.jpg,2,2,5,4c0b3ed9-2188-4b16-b1dc-abb8581bb8bc,1,5,0,0,,,
252,polo_2.jpg,img_00000066.jpg,image262.jpeg,2,2,5,418487bb-9b7c-4d65-8fb4-fa121f4eb64d,1,5,0,0,,,
253,polo_2.jpg,img_00000066.jpg,zap_2.jpg,2,2,1,2cff1966-6111-4e70-a01a-f80d4213234f,1,1,0,0,,,
254,polo_2.jpg,img_00000066.jpg,zap_4.jpg,2,2,5,96ad788c-bc66-42e3-9f3f-7c71e3c25721,1,5,0,0,,,
255,polo_2.jpg,jeans_1.jpg,image25.jpg,2,2,4,ee18d30c-27ed-4a39-9684-2a47ad50387b,1,4,0,0,,,
256,polo_2.jpg,jeans_1.jpg,image269.jpg,2,2,5,ff2a588e-d75c-4a57-850c-2e9f8a34eba1,1,5,0,0,,,
257,polo_2.jpg,jeans_1.jpg,image262.jpeg,2,2,4,2d19c166-94f0-4d83-b13b-887eaa4f9fc9,1,4,0,0,,,
258,polo_2.jpg,jeans_1.jpg,zap_2.jpg,2,2,4,90ab3bd9-ea2c-4c47-83d7-2192be2604fa,1,4,0,0,,,
259,polo_2.jpg,jeans_1.jpg,zap_4.jpg,2,2,5,509b4f01-fbbb-44df-85e0-7ba6948f4261,1,5,0,0,,,
260,polo_2.jpg,jeans_2.jpg,image25.jpg,2,2,3,55515d2b-0660-45f5-9326-4837367188fb,1,3,0,0,,,
261,polo_2.jpg,jeans_2.jpg,image269.jpg,2,2,4,e4d30432-f0fc-48e0-b2e3-cd7b8f9186a1,1,4,0,0,,,
262,polo_2.jpg,jeans_2.jpg,image262.jpeg,2,2,5,16d957b7-ad7c-4b39-8d24-e88d55fc2f59,1,5,0,0,,,
263,polo_2.jpg,jeans_2.jpg,zap_2.jpg,2,2,1,804bbed8-fc5d-4ebe-98d9-82bc45a79349,1,1,0,0,,,
264,polo_2.jpg,jeans_2.jpg,zap_4.jpg,2,2,2,ca17d765-ba81-4da0-8a9d-8340f9112997,1,2,0,0,,,
265,polo_2.jpg,short_1.jpg,image25.jpg,2,2,3,3c22ffb9-5871-4ca4-b110-680c594122cc,1,3,0,0,,,
266,polo_2.jpg,short_1.jpg,image269.jpg,2,2,3,da6e982c-7dcb-4208-9538-21f03ef63da7,1,3,0,0,,,
267,polo_2.jpg,short_1.jpg,image262.jpeg,2,2,5,623d991d-b45d-47d1-bf01-65e868887e3b,1,5,0,0,,,
268,polo_2.jpg,short_1.jpg,zap_2.jpg,2,2,1,85b3377b-6ab7-4646-b75b-96d462cb6c95,1,1,0,0,,,
269,polo_2.jpg,short_1.jpg,zap_4.jpg,2,2,1,da6eaf94-167b-4425-9bda-d3710ce67069,1,1,0,0,,,
270,polo_2.jpg,short_2.jpg,image25.jpg,2,2,1,e118e72e-af06-42f0-82f4-a6d6fd42f27f,1,1,0,0,,,
271,polo_2.jpg,short_2.jpg,image269.jpg,2,2,4,b84c9203-4c0d-4a25-aa91-cdffb0bd4a2a,1,4,0,0,,,
272,polo_2.jpg,short_2.jpg,image262.jpeg,2,2,5,d64dfcb6-2e98-47c1-9c8b-1d4ba4e76b4f,1,5,0,0,,,
273,polo_2.jpg,short_2.jpg,zap_2.jpg,2,2,3,18c03283-862a-46d8-a086-19ff594977ac,1,3,0,0,,,
274,polo_2.jpg,short_2.jpg,zap_4.jpg,2,2,5,d7f69124-2742-4be0-8da1-bd4cdec80478,1,5,0,0,,,
275,polo_2.jpg,short_3.jpg,image25.jpg,2,2,3,461dcbec-fdee-4cd0-a73e-763d41bad35a,1,3,0,0,,,
276,polo_2.jpg,short_3.jpg,image269.jpg,2,2,3,948416a3-19a3-42c5-a62d-2bec1f91a775,1,3,0,0,,,
277,polo_2.jpg,short_3.jpg,image262.jpeg,2,2,1,4e107354-41bf-4008-9b71-42f6e0e043d1,1,1,0,0,,,
278,polo_2.jpg,short_3.jpg,zap_2.jpg,2,2,5,977c717f-4fa0-4fb4-b4c9-aa1e78877af1,1,5,0,0,,,
279,polo_2.jpg,short_3.jpg,zap_4.jpg,2,2,4,5a80b179-ee86-4374-83b9-b869069bbbdb,1,4,0,0,,,
280,tshirt_1.jpg,img_00000009.jpg,image25.jpg,2,2,5,a562cac5-9229-4f1c-a1b6-27bede8eefe3,1,5,0,0,,,
281,tshirt_1.jpg,img_00000009.jpg,image269.jpg,2,2,4,93cd9d3b-3f80-44e8-aab1-4fe494fd2593,1,4,0,0,,,
282,tshirt_1.jpg,img_00000009.jpg,image262.jpeg,2,2,3,63835874-e55d-4bab-ad29-868d1618c7e6,1,3,0,0,,,
283,tshirt_1.jpg,img_00000009.jpg,zap_2.jpg,2,2,1,0b4305ff-d2ae-4f72-96c7-59d7fcbea930,1,1,0,0,,,
284,tshirt_1.jpg,img_00000009.jpg,zap_4.jpg,2,2,2,dd528d15-becb-4593-9387-4d2b71b16409,1,2,0,0,,,
285,tshirt_1.jpg,img_00000003.jpg,image25.jpg,2,2,4,959c0238-c1d8-4c59-8178-5fb993a5c92f,1,4,0,0,,,
286,tshirt_1.jpg,img_00000003.jpg,image269.jpg,2,2,5,ed046af0-7a56-48c6-87d2-3bdb2594e66f,1,5,0,0,,,
287,tshirt_1.jpg,img_00000003.jpg,image262.jpeg,2,2,5,12d3698e-9e82-43e3-92d3-831bc5fbc43c,1,5,0,0,,,
288,tshirt_1.jpg,img_00000003.jpg,zap_2.jpg,2,2,1,2d73db98-5a36-4518-85fe-4abfe257824a,1,1,0,0,,,
289,tshirt_1.jpg,img_00000003.jpg,zap_4.jpg,2,2,2,d7a04528-103e-4d8e-a00c-4ea7450a518b,1,2,0,0,,,
290,tshirt_1.jpg,img_00000066.jpg,image25.jpg,2,2,1,64fc58ff-4863-4eb9-abfa-74fcdcf1f66a,1,1,0,0,,,
291,tshirt_1.jpg,img_00000066.jpg,image269.jpg,2,2,5,768c2129-aefa-4ab9-b25c-e6fad3f555f0,1,5,0,0,,,
292,tshirt_1.jpg,img_00000066.jpg,image262.jpeg,2,2,4,819a8703-19ee-4268-b02e-0f19e403cecb,1,4,0,0,,,
293,tshirt_1.jpg,img_00000066.jpg,zap_2.jpg,2,2,3,9614f227-03a5-42e4-8bc6-99054da7e1bd,1,3,0,0,,,
294,tshirt_1.jpg,img_00000066.jpg,zap_4.jpg,2,2,2,df05f0c9-1943-4117-bf15-f3c1f170ed7f,1,2,0,0,,,
295,tshirt_1.jpg,jeans_1.jpg,image25.jpg,2,2,4,3194a582-c223-4263-8129-331b002b7b2a,1,4,0,0,,,
296,tshirt_1.jpg,jeans_1.jpg,image269.jpg,2,2,5,f0c5ac5d-311e-4354-bb40-8208931eac7d,1,5,0,0,,,
297,tshirt_1.jpg,jeans_1.jpg,image262.jpeg,2,2,1,16da692b-9413-4f7c-b6ca-bcc7bf6120b3,1,1,0,0,,,
298,tshirt_1.jpg,jeans_1.jpg,zap_2.jpg,2,2,1,55da4aef-9f5f-4fbe-9a4f-d4cc5515ea45,1,1,0,0,,,
299,tshirt_1.jpg,jeans_1.jpg,zap_4.jpg,2,2,2,57db8a2c-deaf-4209-9f44-00b0e57cd687,1,2,0,0,,,
300,tshirt_1.jpg,jeans_2.jpg,image25.jpg,2,2,1,c1231049-89ae-4261-a9f1-a9490da0a15b,1,1,0,0,,,
301,tshirt_1.jpg,jeans_2.jpg,image269.jpg,2,2,5,cb0a459b-3dea-4506-8e27-3f2f58d24324,1,5,0,0,,,
302,tshirt_1.jpg,jeans_2.jpg,image262.jpeg,2,2,3,39eb00b3-d7d4-4efd-a0bf-c99f730dbfb7,1,3,0,0,,,
303,tshirt_1.jpg,jeans_2.jpg,zap_2.jpg,2,2,2,5eee14fe-10fb-45b3-932b-886ac5a0192c,1,2,0,0,,,
304,tshirt_1.jpg,jeans_2.jpg,zap_4.jpg,2,2,2,512cf761-62dc-4fc6-979c-c337a8eaab5f,1,2,0,0,,,
305,tshirt_1.jpg,short_1.jpg,image25.jpg,2,2,2,2cd9440b-2688-464f-b8a8-f03fcfa90304,1,2,0,0,,,
306,tshirt_1.jpg,short_1.jpg,image269.jpg,2,2,1,920114b8-05e4-48e0-aa49-b9b0bc673549,1,1,0,0,,,
307,tshirt_1.jpg,short_1.jpg,image262.jpeg,2,2,2,e21fa27f-59ba-4b65-833b-80b71eeb0630,1,2,0,0,,,
308,tshirt_1.jpg,short_1.jpg,zap_2.jpg,2,2,5,3e182054-0e6e-4113-8616-0bc8a18cb819,1,5,0,0,,,
309,tshirt_1.jpg,short_1.jpg,zap_4.jpg,2,2,3,d1b8d60c-e921-490e-8450-e52e38df4e06,1,3,0,0,,,
310,tshirt_1.jpg,short_2.jpg,image25.jpg,2,2,5,7457c4c0-3f70-4670-ab3b-3bb65adbcf0e,1,5,0,0,,,
311,tshirt_1.jpg,short_2.jpg,image269.jpg,2,2,3,c45bebc8-4073-4591-b875-e0b75639e863,1,3,0,0,,,
312,tshirt_1.jpg,short_2.jpg,image262.jpeg,2,2,1,e3ba0bad-ea5d-4198-b3b2-ba85fec22970,1,1,0,0,,,
313,tshirt_1.jpg,short_2.jpg,zap_2.jpg,2,2,5,851114b7-9ec3-4f2f-b3bb-b42cc55bb7e4,1,5,0,0,,,
314,tshirt_1.jpg,short_2.jpg,zap_4.jpg,2,2,4,9145a0e6-bd02-4a34-9e63-003987c553e9,1,4,0,0,,,
315,tshirt_1.jpg,short_3.jpg,image25.jpg,2,2,1,6d3c09a2-f245-4451-9819-3caaf1d38a55,1,1,0,0,,,
316,tshirt_1.jpg,short_3.jpg,image269.jpg,2,2,1,9b1366b7-160d-45f4-91dd-8bca04fb106a,1,1,0,0,,,
317,tshirt_1.jpg,short_3.jpg,image262.jpeg,2,2,1,369d3ec0-8622-445b-abd6-80af724ef7b4,1,1,0,0,,,
318,tshirt_1.jpg,short_3.jpg,zap_2.jpg,2,2,2,6b3e04e0-3461-4b3d-9e5e-d5b3536d0952,1,2,0,0,,,
319,tshirt_1.jpg,short_3.jpg,zap_4.jpg,2,2,5,1939880e-5498-4753-9c7b-34c12829fd9e,1,5,0,0,,,
320,tshirt_2.jpg,img_00000009.jpg,image25.jpg,2,2,5,e96cb312-8132-4d00-8d2e-e7424db5538c,1,5,0,0,,,
321,tshirt_2.jpg,img_00000009.jpg,image269.jpg,2,2,2,58f6ad8b-eda6-46d9-8e54-adb91812a913,1,2,0,0,,,
322,tshirt_2.jpg,img_00000009.jpg,image262.jpeg,2,2,5,fc85c3ca-4b70-4254-936b-59c7bb817b80,1,5,0,0,,,
323,tshirt_2.jpg,img_00000009.jpg,zap_2.jpg,2,2,4,8a0a0343-34bc-4d6c-9954-f90d8e13c732,1,4,0,0,,,
324,tshirt_2.jpg,img_00000009.jpg,zap_4.jpg,2,2,4,c15ec03f-2171-4835-aa0b-d3d439c358af,1,4,0,0,,,
325,tshirt_2.jpg,img_00000003.jpg,image25.jpg,2,2,1,a19231f7-5b77-4bcb-9464-e5557605845e,1,1,0,0,,,
326,tshirt_2.jpg,img_00000003.jpg,image269.jpg,2,2,5,ee983a03-b6ed-4522-89e7-df0e99ff9bc1,1,5,0,0,,,
327,tshirt_2.jpg,img_00000003.jpg,image262.jpeg,2,2,3,6f132665-01d2-433d-898f-72546359264a,1,3,0,0,,,
328,tshirt_2.jpg,img_00000003.jpg,zap_2.jpg,2,2,2,7bb12b1e-2eec-4d4c-a6df-068dad73ba63,1,2,0,0,,,
329,tshirt_2.jpg,img_00000003.jpg,zap_4.jpg,2,2,2,a09c943b-940a-45d7-9983-ae578e0d2958,1,2,0,0,,,
330,tshirt_2.jpg,img_00000066.jpg,image25.jpg,2,2,4,8cbea860-cbdc-45f9-9612-e09c181c32ac,1,4,0,0,,,
331,tshirt_2.jpg,img_00000066.jpg,image269.jpg,2,2,5,10f990af-093a-406a-a0fd-ccd3eed4fee4,1,5,0,0,,,
332,tshirt_2.jpg,img_00000066.jpg,image262.jpeg,2,2,1,edc20b21-1fbf-4b9e-99a4-a9bbe3d1c172,1,1,0,0,,,
333,tshirt_2.jpg,img_00000066.jpg,zap_2.jpg,2,2,4,c85fc992-2309-4fd0-b30e-5975569c109b,1,4,0,0,,,
334,tshirt_2.jpg,img_00000066.jpg,zap_4.jpg,2,2,3,c2d14a25-abdc-4c1b-84e5-85318a44549a,1,3,0,0,,,
335,tshirt_2.jpg,jeans_1.jpg,image25.jpg,2,2,3,07521783-504c-427b-aa2e-565a14d40cf5,1,3,0,0,,,
336,tshirt_2.jpg,jeans_1.jpg,image269.jpg,2,2,1,350575b8-280f-4d0d-a5c8-005a59601418,1,1,0,0,,,
337,tshirt_2.jpg,jeans_1.jpg,image262.jpeg,2,2,3,53ee1872-c494-45ce-9bcb-532391cab311,1,3,0,0,,,
338,tshirt_2.jpg,jeans_1.jpg,zap_2.jpg,2,2,1,fb4982ad-41f4-4435-b76c-0b217ce5f30e,1,1,0,0,,,
339,tshirt_2.jpg,jeans_1.jpg,zap_4.jpg,2,2,1,f133e6ab-767a-4e30-b35b-9903d7cbe685,1,1,0,0,,,
340,tshirt_2.jpg,jeans_2.jpg,image25.jpg,2,2,5,a53cfdbb-3698-4232-8777-566f3c42f198,1,5,0,0,,,
341,tshirt_2.jpg,jeans_2.jpg,image269.jpg,2,2,3,8b43115e-04f2-4115-82ed-0b780a1fc5c1,1,3,0,0,,,
342,tshirt_2.jpg,jeans_2.jpg,image262.jpeg,2,2,4,f1eaadce-efcd-4382-8abb-bfca0a97f5cd,1,4,0,0,,,
343,tshirt_2.jpg,jeans_2.jpg,zap_2.jpg,2,2,2,39dd7474-e177-4ed1-b90f-83620ddae47e,1,2,0,0,,,
344,tshirt_2.jpg,jeans_2.jpg,zap_4.jpg,2,2,3,b03d962d-a0e5-45e3-92b6-f524d4f119cd,1,3,0,0,,,
345,tshirt_2.jpg,short_1.jpg,image25.jpg,2,2,2,1f6d296f-9195-426e-923b-c7fc80c12261,1,2,0,0,,,
346,tshirt_2.jpg,short_1.jpg,image269.jpg,2,2,2,4c73df9f-dc02-4c67-aa97-da9e6f55c175,1,2,0,0,,,
347,tshirt_2.jpg,short_1.jpg,image262.jpeg,2,2,1,3a9f06f0-e356-4bc2-89f5-6df25076ae16,1,1,0,0,,,
348,tshirt_2.jpg,short_1.jpg,zap_2.jpg,2,2,2,5fb101b5-a60b-4f16-8346-2f29e154b932,1,2,0,0,,,
349,tshirt_2.jpg,short_1.jpg,zap_4.jpg,2,2,4,8e38ec46-a100-41d5-a93c-d3637e86c52f,1,4,0,0,,,
350,tshirt_2.jpg,short_2.jpg,image25.jpg,2,2,5,6b0198b4-ba9e-4321-a9a5-63e92c231f12,1,5,0,0,,,
351,tshirt_2.jpg,short_2.jpg,image269.jpg,2,2,2,bcbebd70-f918-47f2-8d73-9c39f5c53041,1,2,0,0,,,
352,tshirt_2.jpg,short_2.jpg,image262.jpeg,2,2,5,3eee4bfd-58de-4d39-8b0a-94855e490585,1,5,0,0,,,
353,tshirt_2.jpg,short_2.jpg,zap_2.jpg,2,2,2,7f9e756c-66f3-461d-9f14-5fb6ed542dbe,1,2,0,0,,,
354,tshirt_2.jpg,short_2.jpg,zap_4.jpg,2,2,4,ad583746-167e-4613-8b64-7f3979af2c1e,1,4,0,0,,,
355,tshirt_2.jpg,short_3.jpg,image25.jpg,2,2,4,1c36b960-6c0e-4195-b768-38cb1f1e89ea,1,4,0,0,,,
356,tshirt_2.jpg,short_3.jpg,image269.jpg,2,2,3,b4a1ef1a-8ebc-4c33-b2d3-c5dfd75191a4,1,3,0,0,,,
357,tshirt_2.jpg,short_3.jpg,image262.jpeg,2,2,2,3d31df75-66eb-4af6-b72e-cbc8379afb13,1,2,0,0,,,
358,tshirt_2.jpg,short_3.jpg,zap_2.jpg,2,2,4,61600da3-0c73-4f48-936b-7c48773fd29b,1,4,0,0,,,
359,tshirt_2.jpg,short_3.jpg,zap_4.jpg,2,2,5,615d4b99-4818-42e5-9ba5-cac5a6d7de9e,1,5,0,0,,,
360,tshirt_3.jpg,img_00000009.jpg,image25.jpg,2,2,3,73199e12-644a-46ea-b220-acb2bfc377a5,1,3,0,0,,,
361,tshirt_3.jpg,img_00000009.jpg,image269.jpg,2,2,4,ef2fa0db-158f-4db0-b617-b376d9bce720,1,4,0,0,,,
362,tshirt_3.jpg,img_00000009.jpg,image262.jpeg,2,2,1,306797fa-a0bf-47c1-b99f-459b1391dbf1,1,1,0,0,,,
363,tshirt_3.jpg,img_00000009.jpg,zap_2.jpg,2,2,3,fc1b6f7d-f092-43d3-ac21-802d687ec431,1,3,0,0,,,
364,tshirt_3.jpg,img_00000009.jpg,zap_4.jpg,2,2,3,3fd73856-0eb1-431d-b324-eb69c03459fd,1,3,0,0,,,
365,tshirt_3.jpg,img_00000003.jpg,image25.jpg,2,2,3,c7858955-0491-456e-906f-affcad4bb8ab,1,3,0,0,,,
366,tshirt_3.jpg,img_00000003.jpg,image269.jpg,2,2,1,af1b4dca-373e-4a08-858a-56dc56673dbc,1,1,0,0,,,
367,tshirt_3.jpg,img_00000003.jpg,image262.jpeg,2,2,1,ff1d0ec9-ba17-436a-a09b-629d4d11551e,1,1,0,0,,,
368,tshirt_3.jpg,img_00000003.jpg,zap_2.jpg,2,2,1,edb82b13-ff5c-4bca-95a5-65466b628875,1,1,0,0,,,
369,tshirt_3.jpg,img_00000003.jpg,zap_4.jpg,2,2,5,b554339d-9e15-4ef1-9d1c-16b47b2cde67,1,5,0,0,,,
370,tshirt_3.jpg,img_00000066.jpg,image25.jpg,2,2,4,9e742cc2-f523-4f90-8e5b-b3e47a7ba898,1,4,0,0,,,
371,tshirt_3.jpg,img_00000066.jpg,image269.jpg,2,2,5,4f833d40-dca2-4d49-8652-441e8dd60c15,1,5,0,0,,,
372,tshirt_3.jpg,img_00000066.jpg,image262.jpeg,2,2,2,05bcd1c2-62cc-4fb6-a177-62dc70da0138,1,2,0,0,,,
373,tshirt_3.jpg,img_00000066.jpg,zap_2.jpg,2,2,2,668f71ef-83a4-4c26-b206-0dd541ec1bf7,1,2,0,0,,,
374,tshirt_3.jpg,img_00000066.jpg,zap_4.jpg,2,2,3,6c95960d-bae4-45f0-b5ae-c4242379bc4e,1,3,0,0,,,
375,tshirt_3.jpg,jeans_1.jpg,image25.jpg,2,2,5,d7afb788-19af-4b83-b10d-1890ec81207f,1,5,0,0,,,
376,tshirt_3.jpg,jeans_1.jpg,image269.jpg,2,2,2,e496f803-a837-4469-b935-ab3e444f203c,1,2,0,0,,,
377,tshirt_3.jpg,jeans_1.jpg,image262.jpeg,2,2,3,7a5af4af-d944-4693-bd8c-240a191bd9ca,1,3,0,0,,,
378,tshirt_3.jpg,jeans_1.jpg,zap_2.jpg,2,2,4,fdb8fb2f-d5ce-47d2-86de-54d875aac35d,1,4,0,0,,,
379,tshirt_3.jpg,jeans_1.jpg,zap_4.jpg,2,2,1,fb3bb24c-3101-4790-9897-54d5b710f9f6,1,1,0,0,,,
380,tshirt_3.jpg,jeans_2.jpg,image25.jpg,2,2,5,cfa70424-3c32-4b42-a596-5f1cabb6873f,1,5,0,0,,,
381,tshirt_3.jpg,jeans_2.jpg,image269.jpg,2,2,4,6f61828c-8f1b-4924-83f9-417c24c4f5d8,1,4,0,0,,,
382,tshirt_3.jpg,jeans_2.jpg,image262.jpeg,2,2,5,0a010615-169d-4afc-8f47-0abe4c4fb787,1,5,0,0,,,
383,tshirt_3.jpg,jeans_2.jpg,zap_2.jpg,2,2,3,0e5598ee-a876-4eab-b764-6614e4ece615,1,3,0,0,,,
384,tshirt_3.jpg,jeans_2.jpg,zap_4.jpg,2,2,2,82e1c459-d80a-4a33-8e38-a83994be4df5,1,2,0,0,,,
385,tshirt_3.jpg,short_1.jpg,image25.jpg,2,2,3,7919c0a4-c52e-4d37-81ba-75f51eb00912,1,3,0,0,,,
386,tshirt_3.jpg,short_1.jpg,image269.jpg,2,2,1,b9475681-5d9c-4910-acb6-f54860ed9efe,1,1,0,0,,,
387,tshirt_3.jpg,short_1.jpg,image262.jpeg,2,2,1,c62c0a8e-c97d-417a-bac3-93983a70d27c,1,1,0,0,,,
388,tshirt_3.jpg,short_1.jpg,zap_2.jpg,2,2,5,b4580ab9-a63f-4ac4-9231-1709e41b71e0,1,5,0,0,,,
389,tshirt_3.jpg,short_1.jpg,zap_4.jpg,2,2,3,5c67d7ba-0597-4bd5-a5c1-b0b2dc41f5aa,1,3,0,0,,,
390,tshirt_3.jpg,short_2.jpg,image25.jpg,2,2,1,e50bf5b2-6c9e-4f3f-a24d-c0879d02e4e7,1,1,0,0,,,
391,tshirt_3.jpg,short_2.jpg,image269.jpg,2,2,5,5da0f231-6a71-49f3-838f-3fe29220c43a,1,5,0,0,,,
392,tshirt_3.jpg,short_2.jpg,image262.jpeg,2,2,1,910c8149-dc29-40bc-82e8-6abfb52c12e6,1,1,0,0,,,
393,tshirt_3.jpg,short_2.jpg,zap_2.jpg,2,2,1,bfbe5a7b-f38c-4812-8bec-a81ccd3d0a2f,1,1,0,0,,,
394,tshirt_3.jpg,short_2.jpg,zap_4.jpg,2,2,4,b22625fe-5b20-4f8d-81b2-84eeda590823,1,4,0,0,,,
395,tshirt_3.jpg,short_3.jpg,image25.jpg,2,2,4,f6294f76-312c-446c-af77-ce5ab84a15ef,1,4,0,0,,,
396,tshirt_3.jpg,short_3.jpg,image269.jpg,2,2,5,dc935ea2-abd5-4598-b261-dd7b6072ad24,1,5,0,0,,,
397,tshirt_3.jpg,short_3.jpg,image262.jpeg,2,2,1,15d484be-eef2-47c0-b496-12794a5df3e8,1,1,0,0,,,
398,tshirt_3.jpg,short_3.jpg,zap_2.jpg,2,2,2,ac6e4c3b-1f9e-4460-87d2-21d31caf0b44,1,2,0,0,,,
399,tshirt_3.jpg,short_3.jpg,zap_4.jpg,2,2,2,ff330a7c-4ecf-4a35-b1d1-9fcad514aff3,1,2,0,0,,,
400,tshirt_4.jpg,img_00000009.jpg,image25.jpg,2,2,2,0f1682c0-1092-4b37-971c-47b4ec2a72f6,1,2,0,0,,,
401,tshirt_4.jpg,img_00000009.jpg,image269.jpg,2,2,5,0614b63d-e2ad-416b-b72d-7a20745b0031,1,5,0,0,,,
402,tshirt_4.jpg,img_00000009.jpg,image262.jpeg,2,2,2,92169eba-fe46-492d-9e5a-afec001213b5,1,2,0,0,,,
403,tshirt_4.jpg,img_00000009.jpg,zap_2.jpg,2,2,3,7aef1bb8-0068-4fe3-8c93-54b4b2043481,1,3,0,0,,,
404,tshirt_4.jpg,img_00000009.jpg,zap_4.jpg,2,2,3,03f647bd-037c-4b94-84dc-eb18462c401b,1,3,0,0,,,
405,tshirt_4.jpg,img_00000003.jpg,image25.jpg,2,2,4,336c7120-8a1e-4ad2-b687-9d296ed844bf,1,4,0,0,,,
406,tshirt_4.jpg,img_00000003.jpg,image269.jpg,2,2,4,a16742a5-4547-4037-a579-2cc23c8edf4c,1,4,0,0,,,
407,tshirt_4.jpg,img_00000003.jpg,image262.jpeg,2,2,1,1c1f6f4f-73bc-43e6-a4ff-4ef60b42c957,1,1,0,0,,,
408,tshirt_4.jpg,img_00000003.jpg,zap_2.jpg,2,2,3,c2c79012-1259-494e-acfc-3a4d1c0d9143,1,3,0,0,,,
409,tshirt_4.jpg,img_00000003.jpg,zap_4.jpg,2,2,4,380df6a5-0a4d-456b-8959-87f13ad84c53,1,4,0,0,,,
410,tshirt_4.jpg,img_00000066.jpg,image25.jpg,2,2,1,8f218d18-632c-40d8-82c7-78a9b36d4012,1,1,0,0,,,
411,tshirt_4.jpg,img_00000066.jpg,image269.jpg,2,2,5,0ea7d94b-9923-44e4-9475-7ef2ce6aa43d,1,5,0,0,,,
412,tshirt_4.jpg,img_00000066.jpg,image262.jpeg,2,2,4,c8cbf1c5-7be4-4e12-8f6c-aeaf5c81ef2d,1,4,0,0,,,
413,tshirt_4.jpg,img_00000066.jpg,zap_2.jpg,2,2,4,b647b379-47b2-4e67-b638-b5c0ef8671e7,1,4,0,0,,,
414,tshirt_4.jpg,img_00000066.jpg,zap_4.jpg,2,2,3,3fd019af-8ceb-4f60-8764-7ada3dca9ea6,1,3,0,0,,,
415,tshirt_4.jpg,jeans_1.jpg,image25.jpg,2,2,1,c85e8d11-e84a-4c8e-9de2-a655cd6ec596,1,1,0,0,,,
416,tshirt_4.jpg,jeans_1.jpg,image269.jpg,2,2,3,229699c3-028a-4348-b0c4-af3d675e58d7,1,3,0,0,,,
417,tshirt_4.jpg,jeans_1.jpg,image262.jpeg,2,2,3,23828a7f-7991-4e9d-bc9b-1bc17d407918,1,3,0,0,,,
418,tshirt_4.jpg,jeans_1.jpg,zap_2.jpg,2,2,5,58421075-3f87-493f-84f6-bd554b62ad2b,1,5,0,0,,,
419,tshirt_4.jpg,jeans_1.jpg,zap_4.jpg,2,2,1,f082a7b4-1bb4-444b-9409-b9233cc12f3d,1,1,0,0,,,
420,tshirt_4.jpg,jeans_2.jpg,image25.jpg,2,2,3,47749ed3-e477-4b73-9e36-8eb9c602afee,1,3,0,0,,,
421,tshirt_4.jpg,jeans_2.jpg,image269.jpg,2,2,1,d5d9eb27-8f27-4e9f-b694-875378bbfce1,1,1,0,0,,,
422,tshirt_4.jpg,jeans_2.jpg,image262.jpeg,2,2,5,d7271da9-fc4a-4cb4-a7c5-c87dacb9b689,1,5,0,0,,,
423,tshirt_4.jpg,jeans_2.jpg,zap_2.jpg,2,2,4,8734462e-04ef-41b4-8826-1cb1eaddf523,1,4,0,0,,,
424,tshirt_4.jpg,jeans_2.jpg,zap_4.jpg,2,2,1,7fda9e72-8810-45c3-bdd5-8cc612d07f3c,1,1,0,0,,,
425,tshirt_4.jpg,short_1.jpg,image25.jpg,2,2,5,685a66e1-853b-4242-bd99-aaab3ea53a13,1,5,0,0,,,
426,tshirt_4.jpg,short_1.jpg,image269.jpg,2,2,4,7d67c531-de0c-4728-813b-164b0ed37fc4,1,4,0,0,,,
427,tshirt_4.jpg,short_1.jpg,image262.jpeg,2,2,3,fd9158b2-55a9-4fc7-87fa-ce7443b4693e,1,3,0,0,,,
428,tshirt_4.jpg,short_1.jpg,zap_2.jpg,2,2,5,a95ddea5-a034-41ee-b331-e387e371fd87,1,5,0,0,,,
429,tshirt_4.jpg,short_1.jpg,zap_4.jpg,2,2,1,6d75048d-e161-4df5-8c30-68a79f2e644e,1,1,0,0,,,
430,tshirt_4.jpg,short_2.jpg,image25.jpg,2,2,1,4cf495a8-4a7a-4718-a66c-fccef503c316,1,1,0,0,,,
431,tshirt_4.jpg,short_2.jpg,image269.jpg,2,2,5,a4b3a725-9c5a-4295-8618-1d157eeb47ec,1,5,0,0,,,
432,tshirt_4.jpg,short_2.jpg,image262.jpeg,2,2,1,40f6820b-24c8-4b16-922c-d7e67c656ecb,1,1,0,0,,,
433,tshirt_4.jpg,short_2.jpg,zap_2.jpg,2,2,3,56909943-6946-455b-b826-51e1b166ffa4,1,3,0,0,,,
434,tshirt_4.jpg,short_2.jpg,zap_4.jpg,2,2,2,37548fc6-5476-4624-b14a-0d4dfb74017e,1,2,0,0,,,
435,tshirt_4.jpg,short_3.jpg,image25.jpg,2,2,5,c071974a-031e-4eb1-b60a-a6501b6f8020,1,5,0,0,,,
436,tshirt_4.jpg,short_3.jpg,image269.jpg,2,2,4,a1f99947-dc37-43d7-b765-419794fc24ff,1,4,0,0,,,
437,tshirt_4.jpg,short_3.jpg,image262.jpeg,2,2,2,5d08a1eb-711c-4858-bcf9-5300c769c533,1,2,0,0,,,
438,tshirt_4.jpg,short_3.jpg,zap_2.jpg,2,2,2,3844d763-6450-4395-b247-3e18ddd3d63f,1,2,0,0,,,
439,tshirt_4.jpg,short_3.jpg,zap_4.jpg,2,2,4,8a26f3f0-9365-4650-b873-f355f09ed48d,1,4,0,0,,,
