id,user_id,img_path,garment_type,garment_category,formality,weather
1,1,http://dummyimage.com/100x100.png/cc0000/ffffff,1,1,1,1
2,2,http://dummyimage.com/100x100.png/dddddd/000000,2,2,2,2
3,3,http://dummyimage.com/100x100.png/cc0000/ffffff,3,3,3,3
4,4,http://dummyimage.com/100x100.png/5fa2dd/ffffff,4,4,1,1
5,5,http://dummyimage.com/100x100.png/ff4444/ffffff,5,1,2,2
6,1,http://dummyimage.com/100x100.png/dddddd/000000,6,2,3,3
7,2,http://dummyimage.com/100x100.png/ff4444/ffffff,7,3,1,1
8,3,http://dummyimage.com/100x100.png/ff4444/ffffff,8,4,2,2
9,4,http://dummyimage.com/100x100.png/cc0000/ffffff,9,1,3,3
10,5,http://dummyimage.com/100x100.png/dddddd/000000,10,2,1,1
11,1,http://dummyimage.com/100x100.png/cc0000/ffffff,11,3,2,2
12,2,http://dummyimage.com/100x100.png/5fa2dd/ffffff,12,4,3,3
13,3,http://dummyimage.com/100x100.png/dddddd/000000,13,1,1,1
14,4,http://dummyimage.com/100x100.png/cc0000/ffffff,14,2,2,2
15,5,http://dummyimage.com/100x100.png/dddddd/000000,15,3,3,3
16,1,http://dummyimage.com/100x100.png/5fa2dd/ffffff,16,4,1,1
17,2,http://dummyimage.com/100x100.png/5fa2dd/ffffff,17,1,2,2
18,3,http://dummyimage.com/100x100.png/ff4444/ffffff,18,2,3,3
19,4,http://dummyimage.com/100x100.png/5fa2dd/ffffff,19,3,1,1
20,5,http://dummyimage.com/100x100.png/dddddd/000000,20,4,2,2
21,1,http://dummyimage.com/100x100.png/dddddd/000000,21,1,3,3
22,2,http://dummyimage.com/100x100.png/cc0000/ffffff,22,2,1,1
23,3,http://dummyimage.com/100x100.png/dddddd/000000,23,3,2,2
24,4,http://dummyimage.com/100x100.png/cc0000/ffffff,24,4,3,3
25,5,http://dummyimage.com/100x100.png/cc0000/ffffff,25,1,1,1
26,1,http://dummyimage.com/100x100.png/5fa2dd/ffffff,26,2,2,2
27,2,http://dummyimage.com/100x100.png/dddddd/000000,27,3,3,3
28,3,http://dummyimage.com/100x100.png/cc0000/ffffff,28,4,1,1
29,4,http://dummyimage.com/100x100.png/dddddd/000000,29,1,2,2
30,5,http://dummyimage.com/100x100.png/dddddd/000000,30,2,3,3
31,1,http://dummyimage.com/100x100.png/ff4444/ffffff,31,3,1,1
32,2,http://dummyimage.com/100x100.png/cc0000/ffffff,32,4,2,2
33,3,http://dummyimage.com/100x100.png/ff4444/ffffff,33,1,3,3
34,4,http://dummyimage.com/100x100.png/cc0000/ffffff,34,2,1,1
35,5,http://dummyimage.com/100x100.png/dddddd/000000,35,3,2,2
36,1,http://dummyimage.com/100x100.png/5fa2dd/ffffff,36,4,3,3
37,2,http://dummyimage.com/100x100.png/5fa2dd/ffffff,37,1,1,1
38,3,http://dummyimage.com/100x100.png/5fa2dd/ffffff,38,2,2,2
39,4,http://dummyimage.com/100x100.png/ff4444/ffffff,39,3,3,3
40,5,http://dummyimage.com/100x100.png/dddddd/000000,40,4,1,1
41,1,http://dummyimage.com/100x100.png/5fa2dd/ffffff,41,1,2,2
42,2,http://dummyimage.com/100x100.png/dddddd/000000,42,2,3,3
43,3,http://dummyimage.com/100x100.png/ff4444/ffffff,43,3,1,1
44,4,http://dummyimage.com/100x100.png/dddddd/000000,44,4,2,2
45,5,http://dummyimage.com/100x100.png/ff4444/ffffff,45,1,3,3
46,1,http://dummyimage.com/100x100.png/cc0000/ffffff,46,2,1,1
47,2,http://dummyimage.com/100x100.png/cc0000/ffffff,47,3,2,2
48,3,http://dummyimage.com/100x100.png/dddddd/000000,48,4,3,3
49,4,http://dummyimage.com/100x100.png/dddddd/000000,49,1,1,1
50,5,http://dummyimage.com/100x100.png/cc0000/ffffff,50,2,2,2
51,1,http://dummyimage.com/100x100.png/5fa2dd/ffffff,1,3,3,3
52,2,http://dummyimage.com/100x100.png/5fa2dd/ffffff,2,4,1,1
53,3,http://dummyimage.com/100x100.png/cc0000/ffffff,3,1,2,2
54,4,http://dummyimage.com/100x100.png/5fa2dd/ffffff,4,2,3,3
55,5,http://dummyimage.com/100x100.png/cc0000/ffffff,5,3,1,1
56,1,http://dummyimage.com/100x100.png/cc0000/ffffff,6,4,2,2
57,2,http://dummyimage.com/100x100.png/cc0000/ffffff,7,1,3,3
58,3,http://dummyimage.com/100x100.png/ff4444/ffffff,8,2,1,1
59,4,http://dummyimage.com/100x100.png/cc0000/ffffff,9,3,2,2
60,5,http://dummyimage.com/100x100.png/cc0000/ffffff,10,4,3,3
61,1,http://dummyimage.com/100x100.png/cc0000/ffffff,11,1,1,1
62,2,http://dummyimage.com/100x100.png/5fa2dd/ffffff,12,2,2,2
63,3,http://dummyimage.com/100x100.png/cc0000/ffffff,13,3,3,3
64,4,http://dummyimage.com/100x100.png/5fa2dd/ffffff,14,4,1,1
65,5,http://dummyimage.com/100x100.png/ff4444/ffffff,15,1,2,2
66,1,http://dummyimage.com/100x100.png/cc0000/ffffff,16,2,3,3
67,2,http://dummyimage.com/100x100.png/dddddd/000000,17,3,1,1
68,3,http://dummyimage.com/100x100.png/ff4444/ffffff,18,4,2,2
69,4,http://dummyimage.com/100x100.png/cc0000/ffffff,19,1,3,3
70,5,http://dummyimage.com/100x100.png/ff4444/ffffff,20,2,1,1
71,1,http://dummyimage.com/100x100.png/ff4444/ffffff,21,3,2,2
72,2,http://dummyimage.com/100x100.png/ff4444/ffffff,22,4,3,3
73,3,http://dummyimage.com/100x100.png/ff4444/ffffff,23,1,1,1
74,4,http://dummyimage.com/100x100.png/dddddd/000000,24,2,2,2
75,5,http://dummyimage.com/100x100.png/dddddd/000000,25,3,3,3
76,1,http://dummyimage.com/100x100.png/cc0000/ffffff,26,4,1,1
77,2,http://dummyimage.com/100x100.png/ff4444/ffffff,27,1,2,2
78,3,http://dummyimage.com/100x100.png/cc0000/ffffff,28,2,3,3
79,4,http://dummyimage.com/100x100.png/cc0000/ffffff,29,3,1,1
80,5,http://dummyimage.com/100x100.png/dddddd/000000,30,4,2,2
81,1,http://dummyimage.com/100x100.png/5fa2dd/ffffff,31,1,3,3
82,2,http://dummyimage.com/100x100.png/cc0000/ffffff,32,2,1,1
83,3,http://dummyimage.com/100x100.png/5fa2dd/ffffff,33,3,2,2
84,4,http://dummyimage.com/100x100.png/dddddd/000000,34,4,3,3
85,5,http://dummyimage.com/100x100.png/dddddd/000000,35,1,1,1
86,1,http://dummyimage.com/100x100.png/cc0000/ffffff,36,2,2,2
87,2,http://dummyimage.com/100x100.png/cc0000/ffffff,37,3,3,3
88,3,http://dummyimage.com/100x100.png/5fa2dd/ffffff,38,4,1,1
89,4,http://dummyimage.com/100x100.png/ff4444/ffffff,39,1,2,2
90,5,http://dummyimage.com/100x100.png/ff4444/ffffff,40,2,3,3
91,1,http://dummyimage.com/100x100.png/dddddd/000000,41,3,1,1
92,2,http://dummyimage.com/100x100.png/cc0000/ffffff,42,4,2,2
93,3,http://dummyimage.com/100x100.png/dddddd/000000,43,1,3,3
94,4,http://dummyimage.com/100x100.png/5fa2dd/ffffff,44,2,1,1
95,5,http://dummyimage.com/100x100.png/ff4444/ffffff,45,3,2,2
96,1,http://dummyimage.com/100x100.png/ff4444/ffffff,46,4,3,3
97,2,http://dummyimage.com/100x100.png/dddddd/000000,47,1,1,1
98,3,http://dummyimage.com/100x100.png/dddddd/000000,48,2,2,2
99,4,http://dummyimage.com/100x100.png/dddddd/000000,49,3,3,3
100,5,http://dummyimage.com/100x100.png/5fa2dd/ffffff,50,4,1,1
101,1,http://dummyimage.com/100x100.png/5fa2dd/ffffff,1,1,2,2
102,2,http://dummyimage.com/100x100.png/dddddd/000000,2,2,3,3
103,3,http://dummyimage.com/100x100.png/5fa2dd/ffffff,3,3,1,1
104,4,http://dummyimage.com/100x100.png/dddddd/000000,4,4,2,2
105,5,http://dummyimage.com/100x100.png/dddddd/000000,5,1,3,3
106,1,http://dummyimage.com/100x100.png/dddddd/000000,6,2,1,1
107,2,http://dummyimage.com/100x100.png/5fa2dd/ffffff,7,3,2,2
108,3,http://dummyimage.com/100x100.png/dddddd/000000,8,4,3,3
109,4,http://dummyimage.com/100x100.png/ff4444/ffffff,9,1,1,1
110,5,http://dummyimage.com/100x100.png/dddddd/000000,10,2,2,2
111,1,http://dummyimage.com/100x100.png/ff4444/ffffff,11,3,3,3
112,2,http://dummyimage.com/100x100.png/ff4444/ffffff,12,4,1,1
113,3,http://dummyimage.com/100x100.png/dddddd/000000,13,1,2,2
114,4,http://dummyimage.com/100x100.png/dddddd/000000,14,2,3,3
115,5,http://dummyimage.com/100x100.png/dddddd/000000,15,3,1,1
116,1,http://dummyimage.com/100x100.png/dddddd/000000,16,4,2,2
117,2,http://dummyimage.com/100x100.png/cc0000/ffffff,17,1,3,3
118,3,http://dummyimage.com/100x100.png/cc0000/ffffff,18,2,1,1
119,4,http://dummyimage.com/100x100.png/5fa2dd/ffffff,19,3,2,2
120,5,http://dummyimage.com/100x100.png/cc0000/ffffff,20,4,3,3
121,1,http://dummyimage.com/100x100.png/5fa2dd/ffffff,21,1,1,1
122,2,http://dummyimage.com/100x100.png/ff4444/ffffff,22,2,2,2
123,3,http://dummyimage.com/100x100.png/ff4444/ffffff,23,3,3,3
124,4,http://dummyimage.com/100x100.png/dddddd/000000,24,4,1,1
125,5,http://dummyimage.com/100x100.png/cc0000/ffffff,25,1,2,2
126,1,http://dummyimage.com/100x100.png/5fa2dd/ffffff,26,2,3,3
127,2,http://dummyimage.com/100x100.png/dddddd/000000,27,3,1,1
128,3,http://dummyimage.com/100x100.png/dddddd/000000,28,4,2,2
129,4,http://dummyimage.com/100x100.png/5fa2dd/ffffff,29,1,3,3
130,5,http://dummyimage.com/100x100.png/5fa2dd/ffffff,30,2,1,1
131,1,http://dummyimage.com/100x100.png/dddddd/000000,31,3,2,2
132,2,http://dummyimage.com/100x100.png/ff4444/ffffff,32,4,3,3
133,3,http://dummyimage.com/100x100.png/cc0000/ffffff,33,1,1,1
134,4,http://dummyimage.com/100x100.png/ff4444/ffffff,34,2,2,2
135,5,http://dummyimage.com/100x100.png/dddddd/000000,35,3,3,3
136,1,http://dummyimage.com/100x100.png/dddddd/000000,36,4,1,1
137,2,http://dummyimage.com/100x100.png/ff4444/ffffff,37,1,2,2
138,3,http://dummyimage.com/100x100.png/cc0000/ffffff,38,2,3,3
139,4,http://dummyimage.com/100x100.png/5fa2dd/ffffff,39,3,1,1
140,5,http://dummyimage.com/100x100.png/dddddd/000000,40,4,2,2
141,1,http://dummyimage.com/100x100.png/dddddd/000000,41,1,3,3
142,2,http://dummyimage.com/100x100.png/cc0000/ffffff,42,2,1,1
143,3,http://dummyimage.com/100x100.png/dddddd/000000,43,3,2,2
144,4,http://dummyimage.com/100x100.png/cc0000/ffffff,44,4,3,3
145,5,http://dummyimage.com/100x100.png/dddddd/000000,45,1,1,1
146,1,http://dummyimage.com/100x100.png/ff4444/ffffff,46,2,2,2
147,2,http://dummyimage.com/100x100.png/5fa2dd/ffffff,47,3,3,3
148,3,http://dummyimage.com/100x100.png/cc0000/ffffff,48,4,1,1
149,4,http://dummyimage.com/100x100.png/cc0000/ffffff,49,1,2,2
150,5,http://dummyimage.com/100x100.png/cc0000/ffffff,50,2,3,3
151,1,http://dummyimage.com/100x100.png/dddddd/000000,1,3,1,1
152,2,http://dummyimage.com/100x100.png/cc0000/ffffff,2,4,2,2
153,3,http://dummyimage.com/100x100.png/cc0000/ffffff,3,1,3,3
154,4,http://dummyimage.com/100x100.png/5fa2dd/ffffff,4,2,1,1
155,5,http://dummyimage.com/100x100.png/cc0000/ffffff,5,3,2,2
156,1,http://dummyimage.com/100x100.png/dddddd/000000,6,4,3,3
157,2,http://dummyimage.com/100x100.png/5fa2dd/ffffff,7,1,1,1
158,3,http://dummyimage.com/100x100.png/ff4444/ffffff,8,2,2,2
159,4,http://dummyimage.com/100x100.png/ff4444/ffffff,9,3,3,3
160,5,http://dummyimage.com/100x100.png/ff4444/ffffff,10,4,1,1
161,1,http://dummyimage.com/100x100.png/ff4444/ffffff,11,1,2,2
162,2,http://dummyimage.com/100x100.png/cc0000/ffffff,12,2,3,3
163,3,http://dummyimage.com/100x100.png/5fa2dd/ffffff,13,3,1,1
164,4,http://dummyimage.com/100x100.png/5fa2dd/ffffff,14,4,2,2
165,5,http://dummyimage.com/100x100.png/ff4444/ffffff,15,1,3,3
166,1,http://dummyimage.com/100x100.png/dddddd/000000,16,2,1,1
167,2,http://dummyimage.com/100x100.png/cc0000/ffffff,17,3,2,2
168,3,http://dummyimage.com/100x100.png/cc0000/ffffff,18,4,3,3
169,4,http://dummyimage.com/100x100.png/dddddd/000000,19,1,1,1
170,5,http://dummyimage.com/100x100.png/cc0000/ffffff,20,2,2,2
171,1,http://dummyimage.com/100x100.png/5fa2dd/ffffff,21,3,3,3
172,2,http://dummyimage.com/100x100.png/dddddd/000000,22,4,1,1
173,3,http://dummyimage.com/100x100.png/ff4444/ffffff,23,1,2,2
174,4,http://dummyimage.com/100x100.png/5fa2dd/ffffff,24,2,3,3
175,5,http://dummyimage.com/100x100.png/dddddd/000000,25,3,1,1
176,1,http://dummyimage.com/100x100.png/dddddd/000000,26,4,2,2
177,2,http://dummyimage.com/100x100.png/dddddd/000000,27,1,3,3
178,3,http://dummyimage.com/100x100.png/dddddd/000000,28,2,1,1
179,4,http://dummyimage.com/100x100.png/cc0000/ffffff,29,3,2,2
180,5,http://dummyimage.com/100x100.png/cc0000/ffffff,30,4,3,3
181,1,http://dummyimage.com/100x100.png/5fa2dd/ffffff,31,1,1,1
182,2,http://dummyimage.com/100x100.png/dddddd/000000,32,2,2,2
183,3,http://dummyimage.com/100x100.png/ff4444/ffffff,33,3,3,3
184,4,http://dummyimage.com/100x100.png/5fa2dd/ffffff,34,4,1,1
185,5,http://dummyimage.com/100x100.png/ff4444/ffffff,35,1,2,2
186,1,http://dummyimage.com/100x100.png/dddddd/000000,36,2,3,3
187,2,http://dummyimage.com/100x100.png/cc0000/ffffff,37,3,1,1
188,3,http://dummyimage.com/100x100.png/cc0000/ffffff,38,4,2,2
189,4,http://dummyimage.com/100x100.png/ff4444/ffffff,39,1,3,3
190,5,http://dummyimage.com/100x100.png/5fa2dd/ffffff,40,2,1,1
191,1,http://dummyimage.com/100x100.png/ff4444/ffffff,41,3,2,2
192,2,http://dummyimage.com/100x100.png/5fa2dd/ffffff,42,4,3,3
193,3,http://dummyimage.com/100x100.png/5fa2dd/ffffff,43,1,1,1
194,4,http://dummyimage.com/100x100.png/dddddd/000000,44,2,2,2
195,5,http://dummyimage.com/100x100.png/ff4444/ffffff,45,3,3,3
196,1,http://dummyimage.com/100x100.png/ff4444/ffffff,46,4,1,1
197,2,http://dummyimage.com/100x100.png/cc0000/ffffff,47,1,2,2
198,3,http://dummyimage.com/100x100.png/cc0000/ffffff,48,2,3,3
199,4,http://dummyimage.com/100x100.png/5fa2dd/ffffff,49,3,1,1
200,5,http://dummyimage.com/100x100.png/cc0000/ffffff,50,4,2,2
201,1,http://dummyimage.com/100x100.png/5fa2dd/ffffff,1,1,3,3
202,2,http://dummyimage.com/100x100.png/cc0000/ffffff,2,2,1,1
203,3,http://dummyimage.com/100x100.png/5fa2dd/ffffff,3,3,2,2
204,4,http://dummyimage.com/100x100.png/dddddd/000000,4,4,3,3
205,5,http://dummyimage.com/100x100.png/5fa2dd/ffffff,5,1,1,1
206,1,http://dummyimage.com/100x100.png/5fa2dd/ffffff,6,2,2,2
207,2,http://dummyimage.com/100x100.png/ff4444/ffffff,7,3,3,3
208,3,http://dummyimage.com/100x100.png/ff4444/ffffff,8,4,1,1
209,4,http://dummyimage.com/100x100.png/dddddd/000000,9,1,2,2
210,5,http://dummyimage.com/100x100.png/cc0000/ffffff,10,2,3,3
211,1,http://dummyimage.com/100x100.png/5fa2dd/ffffff,11,3,1,1
212,2,http://dummyimage.com/100x100.png/dddddd/000000,12,4,2,2
213,3,http://dummyimage.com/100x100.png/ff4444/ffffff,13,1,3,3
214,4,http://dummyimage.com/100x100.png/5fa2dd/ffffff,14,2,1,1
215,5,http://dummyimage.com/100x100.png/dddddd/000000,15,3,2,2
216,1,http://dummyimage.com/100x100.png/ff4444/ffffff,16,4,3,3
217,2,http://dummyimage.com/100x100.png/dddddd/000000,17,1,1,1
218,3,http://dummyimage.com/100x100.png/5fa2dd/ffffff,18,2,2,2
219,4,http://dummyimage.com/100x100.png/dddddd/000000,19,3,3,3
220,5,http://dummyimage.com/100x100.png/dddddd/000000,20,4,1,1
221,1,http://dummyimage.com/100x100.png/cc0000/ffffff,21,1,2,2
222,2,http://dummyimage.com/100x100.png/cc0000/ffffff,22,2,3,3
223,3,http://dummyimage.com/100x100.png/dddddd/000000,23,3,1,1
224,4,http://dummyimage.com/100x100.png/5fa2dd/ffffff,24,4,2,2
225,5,http://dummyimage.com/100x100.png/cc0000/ffffff,25,1,3,3
226,1,http://dummyimage.com/100x100.png/dddddd/000000,26,2,1,1
227,2,http://dummyimage.com/100x100.png/5fa2dd/ffffff,27,3,2,2
228,3,http://dummyimage.com/100x100.png/cc0000/ffffff,28,4,3,3
229,4,http://dummyimage.com/100x100.png/cc0000/ffffff,29,1,1,1
230,5,http://dummyimage.com/100x100.png/cc0000/ffffff,30,2,2,2
231,1,http://dummyimage.com/100x100.png/cc0000/ffffff,31,3,3,3
232,2,http://dummyimage.com/100x100.png/5fa2dd/ffffff,32,4,1,1
233,3,http://dummyimage.com/100x100.png/cc0000/ffffff,33,1,2,2
234,4,http://dummyimage.com/100x100.png/ff4444/ffffff,34,2,3,3
235,5,http://dummyimage.com/100x100.png/5fa2dd/ffffff,35,3,1,1
236,1,http://dummyimage.com/100x100.png/cc0000/ffffff,36,4,2,2
237,2,http://dummyimage.com/100x100.png/ff4444/ffffff,37,1,3,3
238,3,http://dummyimage.com/100x100.png/ff4444/ffffff,38,2,1,1
239,4,http://dummyimage.com/100x100.png/cc0000/ffffff,39,3,2,2
240,5,http://dummyimage.com/100x100.png/5fa2dd/ffffff,40,4,3,3
241,1,http://dummyimage.com/100x100.png/cc0000/ffffff,41,1,1,1
242,2,http://dummyimage.com/100x100.png/ff4444/ffffff,42,2,2,2
243,3,http://dummyimage.com/100x100.png/cc0000/ffffff,43,3,3,3
244,4,http://dummyimage.com/100x100.png/cc0000/ffffff,44,4,1,1
245,5,http://dummyimage.com/100x100.png/cc0000/ffffff,45,1,2,2
246,1,http://dummyimage.com/100x100.png/ff4444/ffffff,46,2,3,3
247,2,http://dummyimage.com/100x100.png/ff4444/ffffff,47,3,1,1
248,3,http://dummyimage.com/100x100.png/cc0000/ffffff,48,4,2,2
249,4,http://dummyimage.com/100x100.png/ff4444/ffffff,49,1,3,3
250,5,http://dummyimage.com/100x100.png/ff4444/ffffff,50,2,1,1
251,1,http://dummyimage.com/100x100.png/cc0000/ffffff,1,3,2,2
252,2,http://dummyimage.com/100x100.png/cc0000/ffffff,2,4,3,3
253,3,http://dummyimage.com/100x100.png/5fa2dd/ffffff,3,1,1,1
254,4,http://dummyimage.com/100x100.png/dddddd/000000,4,2,2,2
255,5,http://dummyimage.com/100x100.png/cc0000/ffffff,5,3,3,3
256,1,http://dummyimage.com/100x100.png/ff4444/ffffff,6,4,1,1
257,2,http://dummyimage.com/100x100.png/5fa2dd/ffffff,7,1,2,2
258,3,http://dummyimage.com/100x100.png/cc0000/ffffff,8,2,3,3
259,4,http://dummyimage.com/100x100.png/ff4444/ffffff,9,3,1,1
260,5,http://dummyimage.com/100x100.png/dddddd/000000,10,4,2,2
261,1,http://dummyimage.com/100x100.png/dddddd/000000,11,1,3,3
262,2,http://dummyimage.com/100x100.png/ff4444/ffffff,12,2,1,1
263,3,http://dummyimage.com/100x100.png/cc0000/ffffff,13,3,2,2
264,4,http://dummyimage.com/100x100.png/dddddd/000000,14,4,3,3
265,5,http://dummyimage.com/100x100.png/5fa2dd/ffffff,15,1,1,1
266,1,http://dummyimage.com/100x100.png/ff4444/ffffff,16,2,2,2
267,2,http://dummyimage.com/100x100.png/5fa2dd/ffffff,17,3,3,3
268,3,http://dummyimage.com/100x100.png/dddddd/000000,18,4,1,1
269,4,http://dummyimage.com/100x100.png/ff4444/ffffff,19,1,2,2
270,5,http://dummyimage.com/100x100.png/dddddd/000000,20,2,3,3
271,1,http://dummyimage.com/100x100.png/5fa2dd/ffffff,21,3,1,1
272,2,http://dummyimage.com/100x100.png/dddddd/000000,22,4,2,2
273,3,http://dummyimage.com/100x100.png/5fa2dd/ffffff,23,1,3,3
274,4,http://dummyimage.com/100x100.png/ff4444/ffffff,24,2,1,1
275,5,http://dummyimage.com/100x100.png/dddddd/000000,25,3,2,2
276,1,http://dummyimage.com/100x100.png/ff4444/ffffff,26,4,3,3
277,2,http://dummyimage.com/100x100.png/5fa2dd/ffffff,27,1,1,1
278,3,http://dummyimage.com/100x100.png/ff4444/ffffff,28,2,2,2
279,4,http://dummyimage.com/100x100.png/cc0000/ffffff,29,3,3,3
280,5,http://dummyimage.com/100x100.png/dddddd/000000,30,4,1,1
281,1,http://dummyimage.com/100x100.png/5fa2dd/ffffff,31,1,2,2
282,2,http://dummyimage.com/100x100.png/cc0000/ffffff,32,2,3,3
283,3,http://dummyimage.com/100x100.png/5fa2dd/ffffff,33,3,1,1
284,4,http://dummyimage.com/100x100.png/ff4444/ffffff,34,4,2,2
285,5,http://dummyimage.com/100x100.png/5fa2dd/ffffff,35,1,3,3
286,1,http://dummyimage.com/100x100.png/5fa2dd/ffffff,36,2,1,1
287,2,http://dummyimage.com/100x100.png/dddddd/000000,37,3,2,2
288,3,http://dummyimage.com/100x100.png/5fa2dd/ffffff,38,4,3,3
289,4,http://dummyimage.com/100x100.png/dddddd/000000,39,1,1,1
290,5,http://dummyimage.com/100x100.png/ff4444/ffffff,40,2,2,2
291,1,http://dummyimage.com/100x100.png/5fa2dd/ffffff,41,3,3,3
292,2,http://dummyimage.com/100x100.png/ff4444/ffffff,42,4,1,1
293,3,http://dummyimage.com/100x100.png/5fa2dd/ffffff,43,1,2,2
294,4,http://dummyimage.com/100x100.png/dddddd/000000,44,2,3,3
295,5,http://dummyimage.com/100x100.png/cc0000/ffffff,45,3,1,1
296,1,http://dummyimage.com/100x100.png/5fa2dd/ffffff,46,4,2,2
297,2,http://dummyimage.com/100x100.png/cc0000/ffffff,47,1,3,3
298,3,http://dummyimage.com/100x100.png/ff4444/ffffff,48,2,1,1
299,4,http://dummyimage.com/100x100.png/cc0000/ffffff,49,3,2,2
300,5,http://dummyimage.com/100x100.png/dddddd/000000,50,4,3,3
301,1,http://dummyimage.com/100x100.png/5fa2dd/ffffff,1,1,1,1
302,2,http://dummyimage.com/100x100.png/dddddd/000000,2,2,2,2
303,3,http://dummyimage.com/100x100.png/cc0000/ffffff,3,3,3,3
304,4,http://dummyimage.com/100x100.png/cc0000/ffffff,4,4,1,1
305,5,http://dummyimage.com/100x100.png/cc0000/ffffff,5,1,2,2
306,1,http://dummyimage.com/100x100.png/cc0000/ffffff,6,2,3,3
307,2,http://dummyimage.com/100x100.png/5fa2dd/ffffff,7,3,1,1
308,3,http://dummyimage.com/100x100.png/cc0000/ffffff,8,4,2,2
309,4,http://dummyimage.com/100x100.png/cc0000/ffffff,9,1,3,3
310,5,http://dummyimage.com/100x100.png/5fa2dd/ffffff,10,2,1,1
311,1,http://dummyimage.com/100x100.png/cc0000/ffffff,11,3,2,2
312,2,http://dummyimage.com/100x100.png/cc0000/ffffff,12,4,3,3
313,3,http://dummyimage.com/100x100.png/ff4444/ffffff,13,1,1,1
314,4,http://dummyimage.com/100x100.png/ff4444/ffffff,14,2,2,2
315,5,http://dummyimage.com/100x100.png/ff4444/ffffff,15,3,3,3
316,1,http://dummyimage.com/100x100.png/ff4444/ffffff,16,4,1,1
317,2,http://dummyimage.com/100x100.png/ff4444/ffffff,17,1,2,2
318,3,http://dummyimage.com/100x100.png/ff4444/ffffff,18,2,3,3
319,4,http://dummyimage.com/100x100.png/5fa2dd/ffffff,19,3,1,1
320,5,http://dummyimage.com/100x100.png/cc0000/ffffff,20,4,2,2
321,1,http://dummyimage.com/100x100.png/dddddd/000000,21,1,3,3
322,2,http://dummyimage.com/100x100.png/dddddd/000000,22,2,1,1
323,3,http://dummyimage.com/100x100.png/ff4444/ffffff,23,3,2,2
324,4,http://dummyimage.com/100x100.png/ff4444/ffffff,24,4,3,3
325,5,http://dummyimage.com/100x100.png/ff4444/ffffff,25,1,1,1
326,1,http://dummyimage.com/100x100.png/ff4444/ffffff,26,2,2,2
327,2,http://dummyimage.com/100x100.png/cc0000/ffffff,27,3,3,3
328,3,http://dummyimage.com/100x100.png/5fa2dd/ffffff,28,4,1,1
329,4,http://dummyimage.com/100x100.png/cc0000/ffffff,29,1,2,2
330,5,http://dummyimage.com/100x100.png/dddddd/000000,30,2,3,3
331,1,http://dummyimage.com/100x100.png/dddddd/000000,31,3,1,1
332,2,http://dummyimage.com/100x100.png/ff4444/ffffff,32,4,2,2
333,3,http://dummyimage.com/100x100.png/cc0000/ffffff,33,1,3,3
334,4,http://dummyimage.com/100x100.png/cc0000/ffffff,34,2,1,1
335,5,http://dummyimage.com/100x100.png/ff4444/ffffff,35,3,2,2
336,1,http://dummyimage.com/100x100.png/dddddd/000000,36,4,3,3
337,2,http://dummyimage.com/100x100.png/dddddd/000000,37,1,1,1
338,3,http://dummyimage.com/100x100.png/ff4444/ffffff,38,2,2,2
339,4,http://dummyimage.com/100x100.png/ff4444/ffffff,39,3,3,3
340,5,http://dummyimage.com/100x100.png/dddddd/000000,40,4,1,1
341,1,http://dummyimage.com/100x100.png/cc0000/ffffff,41,1,2,2
342,2,http://dummyimage.com/100x100.png/ff4444/ffffff,42,2,3,3
343,3,http://dummyimage.com/100x100.png/5fa2dd/ffffff,43,3,1,1
344,4,http://dummyimage.com/100x100.png/dddddd/000000,44,4,2,2
345,5,http://dummyimage.com/100x100.png/cc0000/ffffff,45,1,3,3
346,1,http://dummyimage.com/100x100.png/cc0000/ffffff,46,2,1,1
347,2,http://dummyimage.com/100x100.png/ff4444/ffffff,47,3,2,2
348,3,http://dummyimage.com/100x100.png/cc0000/ffffff,48,4,3,3
349,4,http://dummyimage.com/100x100.png/ff4444/ffffff,49,1,1,1
350,5,http://dummyimage.com/100x100.png/5fa2dd/ffffff,50,2,2,2
351,1,http://dummyimage.com/100x100.png/ff4444/ffffff,1,3,3,3
352,2,http://dummyimage.com/100x100.png/dddddd/000000,2,4,1,1
353,3,http://dummyimage.com/100x100.png/cc0000/ffffff,3,1,2,2
354,4,http://dummyimage.com/100x100.png/5fa2dd/ffffff,4,2,3,3
355,5,http://dummyimage.com/100x100.png/cc0000/ffffff,5,3,1,1
356,1,http://dummyimage.com/100x100.png/5fa2dd/ffffff,6,4,2,2
357,2,http://dummyimage.com/100x100.png/ff4444/ffffff,7,1,3,3
358,3,http://dummyimage.com/100x100.png/5fa2dd/ffffff,8,2,1,1
359,4,http://dummyimage.com/100x100.png/5fa2dd/ffffff,9,3,2,2
360,5,http://dummyimage.com/100x100.png/ff4444/ffffff,10,4,3,3
361,1,http://dummyimage.com/100x100.png/5fa2dd/ffffff,11,1,1,1
362,2,http://dummyimage.com/100x100.png/dddddd/000000,12,2,2,2
363,3,http://dummyimage.com/100x100.png/ff4444/ffffff,13,3,3,3
364,4,http://dummyimage.com/100x100.png/5fa2dd/ffffff,14,4,1,1
365,5,http://dummyimage.com/100x100.png/5fa2dd/ffffff,15,1,2,2
366,1,http://dummyimage.com/100x100.png/cc0000/ffffff,16,2,3,3
367,2,http://dummyimage.com/100x100.png/cc0000/ffffff,17,3,1,1
368,3,http://dummyimage.com/100x100.png/cc0000/ffffff,18,4,2,2
369,4,http://dummyimage.com/100x100.png/5fa2dd/ffffff,19,1,3,3
370,5,http://dummyimage.com/100x100.png/dddddd/000000,20,2,1,1
371,1,http://dummyimage.com/100x100.png/5fa2dd/ffffff,21,3,2,2
372,2,http://dummyimage.com/100x100.png/cc0000/ffffff,22,4,3,3
373,3,http://dummyimage.com/100x100.png/cc0000/ffffff,23,1,1,1
374,4,http://dummyimage.com/100x100.png/dddddd/000000,24,2,2,2
375,5,http://dummyimage.com/100x100.png/ff4444/ffffff,25,3,3,3
376,1,http://dummyimage.com/100x100.png/dddddd/000000,26,4,1,1
377,2,http://dummyimage.com/100x100.png/5fa2dd/ffffff,27,1,2,2
378,3,http://dummyimage.com/100x100.png/cc0000/ffffff,28,2,3,3
379,4,http://dummyimage.com/100x100.png/5fa2dd/ffffff,29,3,1,1
380,5,http://dummyimage.com/100x100.png/dddddd/000000,30,4,2,2
381,1,http://dummyimage.com/100x100.png/dddddd/000000,31,1,3,3
382,2,http://dummyimage.com/100x100.png/5fa2dd/ffffff,32,2,1,1
383,3,http://dummyimage.com/100x100.png/dddddd/000000,33,3,2,2
384,4,http://dummyimage.com/100x100.png/5fa2dd/ffffff,34,4,3,3
385,5,http://dummyimage.com/100x100.png/5fa2dd/ffffff,35,1,1,1
386,1,http://dummyimage.com/100x100.png/ff4444/ffffff,36,2,2,2
387,2,http://dummyimage.com/100x100.png/dddddd/000000,37,3,3,3
388,3,http://dummyimage.com/100x100.png/5fa2dd/ffffff,38,4,1,1
389,4,http://dummyimage.com/100x100.png/dddddd/000000,39,1,2,2
390,5,http://dummyimage.com/100x100.png/cc0000/ffffff,40,2,3,3
391,1,http://dummyimage.com/100x100.png/ff4444/ffffff,41,3,1,1
392,2,http://dummyimage.com/100x100.png/5fa2dd/ffffff,42,4,2,2
393,3,http://dummyimage.com/100x100.png/cc0000/ffffff,43,1,3,3
394,4,http://dummyimage.com/100x100.png/dddddd/000000,44,2,1,1
395,5,http://dummyimage.com/100x100.png/dddddd/000000,45,3,2,2
396,1,http://dummyimage.com/100x100.png/ff4444/ffffff,46,4,3,3
397,2,http://dummyimage.com/100x100.png/5fa2dd/ffffff,47,1,1,1
398,3,http://dummyimage.com/100x100.png/dddddd/000000,48,2,2,2
399,4,http://dummyimage.com/100x100.png/5fa2dd/ffffff,49,3,3,3
400,5,http://dummyimage.com/100x100.png/dddddd/000000,50,4,1,1
401,1,http://dummyimage.com/100x100.png/5fa2dd/ffffff,1,1,2,2
402,2,http://dummyimage.com/100x100.png/dddddd/000000,2,2,3,3
403,3,http://dummyimage.com/100x100.png/ff4444/ffffff,3,3,1,1
404,4,http://dummyimage.com/100x100.png/ff4444/ffffff,4,4,2,2
405,5,http://dummyimage.com/100x100.png/dddddd/000000,5,1,3,3
406,1,http://dummyimage.com/100x100.png/cc0000/ffffff,6,2,1,1
407,2,http://dummyimage.com/100x100.png/5fa2dd/ffffff,7,3,2,2
408,3,http://dummyimage.com/100x100.png/cc0000/ffffff,8,4,3,3
409,4,http://dummyimage.com/100x100.png/cc0000/ffffff,9,1,1,1
410,5,http://dummyimage.com/100x100.png/cc0000/ffffff,10,2,2,2
411,1,http://dummyimage.com/100x100.png/ff4444/ffffff,11,3,3,3
412,2,http://dummyimage.com/100x100.png/cc0000/ffffff,12,4,1,1
413,3,http://dummyimage.com/100x100.png/ff4444/ffffff,13,1,2,2
414,4,http://dummyimage.com/100x100.png/ff4444/ffffff,14,2,3,3
415,5,http://dummyimage.com/100x100.png/dddddd/000000,15,3,1,1
416,1,http://dummyimage.com/100x100.png/cc0000/ffffff,16,4,2,2
417,2,http://dummyimage.com/100x100.png/dddddd/000000,17,1,3,3
418,3,http://dummyimage.com/100x100.png/dddddd/000000,18,2,1,1
419,4,http://dummyimage.com/100x100.png/ff4444/ffffff,19,3,2,2
420,5,http://dummyimage.com/100x100.png/cc0000/ffffff,20,4,3,3
421,1,http://dummyimage.com/100x100.png/dddddd/000000,21,1,1,1
422,2,http://dummyimage.com/100x100.png/ff4444/ffffff,22,2,2,2
423,3,http://dummyimage.com/100x100.png/cc0000/ffffff,23,3,3,3
424,4,http://dummyimage.com/100x100.png/dddddd/000000,24,4,1,1
425,5,http://dummyimage.com/100x100.png/5fa2dd/ffffff,25,1,2,2
426,1,http://dummyimage.com/100x100.png/dddddd/000000,26,2,3,3
427,2,http://dummyimage.com/100x100.png/cc0000/ffffff,27,3,1,1
428,3,http://dummyimage.com/100x100.png/dddddd/000000,28,4,2,2
429,4,http://dummyimage.com/100x100.png/5fa2dd/ffffff,29,1,3,3
430,5,http://dummyimage.com/100x100.png/5fa2dd/ffffff,30,2,1,1
431,1,http://dummyimage.com/100x100.png/ff4444/ffffff,31,3,2,2
432,2,http://dummyimage.com/100x100.png/ff4444/ffffff,32,4,3,3
433,3,http://dummyimage.com/100x100.png/cc0000/ffffff,33,1,1,1
434,4,http://dummyimage.com/100x100.png/5fa2dd/ffffff,34,2,2,2
435,5,http://dummyimage.com/100x100.png/dddddd/000000,35,3,3,3
436,1,http://dummyimage.com/100x100.png/ff4444/ffffff,36,4,1,1
437,2,http://dummyimage.com/100x100.png/ff4444/ffffff,37,1,2,2
438,3,http://dummyimage.com/100x100.png/ff4444/ffffff,38,2,3,3
439,4,http://dummyimage.com/100x100.png/5fa2dd/ffffff,39,3,1,1
440,5,http://dummyimage.com/100x100.png/5fa2dd/ffffff,40,4,2,2
441,1,http://dummyimage.com/100x100.png/ff4444/ffffff,41,1,3,3
442,2,http://dummyimage.com/100x100.png/dddddd/000000,42,2,1,1
443,3,http://dummyimage.com/100x100.png/cc0000/ffffff,43,3,2,2
444,4,http://dummyimage.com/100x100.png/cc0000/ffffff,44,4,3,3
445,5,http://dummyimage.com/100x100.png/5fa2dd/ffffff,45,1,1,1
446,1,http://dummyimage.com/100x100.png/dddddd/000000,46,2,2,2
447,2,http://dummyimage.com/100x100.png/cc0000/ffffff,47,3,3,3
448,3,http://dummyimage.com/100x100.png/dddddd/000000,48,4,1,1
449,4,http://dummyimage.com/100x100.png/dddddd/000000,49,1,2,2
450,5,http://dummyimage.com/100x100.png/5fa2dd/ffffff,50,2,3,3
451,1,http://dummyimage.com/100x100.png/dddddd/000000,1,3,1,1
452,2,http://dummyimage.com/100x100.png/cc0000/ffffff,2,4,2,2
453,3,http://dummyimage.com/100x100.png/ff4444/ffffff,3,1,3,3
454,4,http://dummyimage.com/100x100.png/cc0000/ffffff,4,2,1,1
455,5,http://dummyimage.com/100x100.png/ff4444/ffffff,5,3,2,2
456,1,http://dummyimage.com/100x100.png/cc0000/ffffff,6,4,3,3
457,2,http://dummyimage.com/100x100.png/dddddd/000000,7,1,1,1
458,3,http://dummyimage.com/100x100.png/5fa2dd/ffffff,8,2,2,2
459,4,http://dummyimage.com/100x100.png/ff4444/ffffff,9,3,3,3
460,5,http://dummyimage.com/100x100.png/5fa2dd/ffffff,10,4,1,1
461,1,http://dummyimage.com/100x100.png/ff4444/ffffff,11,1,2,2
462,2,http://dummyimage.com/100x100.png/5fa2dd/ffffff,12,2,3,3
463,3,http://dummyimage.com/100x100.png/cc0000/ffffff,13,3,1,1
464,4,http://dummyimage.com/100x100.png/dddddd/000000,14,4,2,2
465,5,http://dummyimage.com/100x100.png/dddddd/000000,15,1,3,3
466,1,http://dummyimage.com/100x100.png/ff4444/ffffff,16,2,1,1
467,2,http://dummyimage.com/100x100.png/ff4444/ffffff,17,3,2,2
468,3,http://dummyimage.com/100x100.png/dddddd/000000,18,4,3,3
469,4,http://dummyimage.com/100x100.png/cc0000/ffffff,19,1,1,1
470,5,http://dummyimage.com/100x100.png/ff4444/ffffff,20,2,2,2
471,1,http://dummyimage.com/100x100.png/cc0000/ffffff,21,3,3,3
472,2,http://dummyimage.com/100x100.png/5fa2dd/ffffff,22,4,1,1
473,3,http://dummyimage.com/100x100.png/ff4444/ffffff,23,1,2,2
474,4,http://dummyimage.com/100x100.png/5fa2dd/ffffff,24,2,3,3
475,5,http://dummyimage.com/100x100.png/5fa2dd/ffffff,25,3,1,1
476,1,http://dummyimage.com/100x100.png/dddddd/000000,26,4,2,2
477,2,http://dummyimage.com/100x100.png/ff4444/ffffff,27,1,3,3
478,3,http://dummyimage.com/100x100.png/ff4444/ffffff,28,2,1,1
479,4,http://dummyimage.com/100x100.png/dddddd/000000,29,3,2,2
480,5,http://dummyimage.com/100x100.png/ff4444/ffffff,30,4,3,3
481,1,http://dummyimage.com/100x100.png/ff4444/ffffff,31,1,1,1
482,2,http://dummyimage.com/100x100.png/ff4444/ffffff,32,2,2,2
483,3,http://dummyimage.com/100x100.png/dddddd/000000,33,3,3,3
484,4,http://dummyimage.com/100x100.png/cc0000/ffffff,34,4,1,1
485,5,http://dummyimage.com/100x100.png/cc0000/ffffff,35,1,2,2
486,1,http://dummyimage.com/100x100.png/5fa2dd/ffffff,36,2,3,3
487,2,http://dummyimage.com/100x100.png/dddddd/000000,37,3,1,1
488,3,http://dummyimage.com/100x100.png/dddddd/000000,38,4,2,2
489,4,http://dummyimage.com/100x100.png/dddddd/000000,39,1,3,3
490,5,http://dummyimage.com/100x100.png/dddddd/000000,40,2,1,1
491,1,http://dummyimage.com/100x100.png/cc0000/ffffff,41,3,2,2
492,2,http://dummyimage.com/100x100.png/5fa2dd/ffffff,42,4,3,3
493,3,http://dummyimage.com/100x100.png/dddddd/000000,43,1,1,1
494,4,http://dummyimage.com/100x100.png/dddddd/000000,44,2,2,2
495,5,http://dummyimage.com/100x100.png/cc0000/ffffff,45,3,3,3
496,1,http://dummyimage.com/100x100.png/cc0000/ffffff,46,4,1,1
497,2,http://dummyimage.com/100x100.png/dddddd/000000,47,1,2,2
498,3,http://dummyimage.com/100x100.png/ff4444/ffffff,48,2,3,3
499,4,http://dummyimage.com/100x100.png/ff4444/ffffff,49,3,1,1
500,5,http://dummyimage.com/100x100.png/5fa2dd/ffffff,50,4,2,2
501,1,http://dummyimage.com/100x100.png/cc0000/ffffff,1,1,3,3
502,2,http://dummyimage.com/100x100.png/ff4444/ffffff,2,2,1,1
503,3,http://dummyimage.com/100x100.png/cc0000/ffffff,3,3,2,2
504,4,http://dummyimage.com/100x100.png/5fa2dd/ffffff,4,4,3,3
505,5,http://dummyimage.com/100x100.png/5fa2dd/ffffff,5,1,1,1
506,1,http://dummyimage.com/100x100.png/cc0000/ffffff,6,2,2,2
507,2,http://dummyimage.com/100x100.png/dddddd/000000,7,3,3,3
508,3,http://dummyimage.com/100x100.png/cc0000/ffffff,8,4,1,1
509,4,http://dummyimage.com/100x100.png/ff4444/ffffff,9,1,2,2
510,5,http://dummyimage.com/100x100.png/cc0000/ffffff,10,2,3,3
511,1,http://dummyimage.com/100x100.png/ff4444/ffffff,11,3,1,1
512,2,http://dummyimage.com/100x100.png/5fa2dd/ffffff,12,4,2,2
513,3,http://dummyimage.com/100x100.png/cc0000/ffffff,13,1,3,3
514,4,http://dummyimage.com/100x100.png/ff4444/ffffff,14,2,1,1
515,5,http://dummyimage.com/100x100.png/ff4444/ffffff,15,3,2,2
516,1,http://dummyimage.com/100x100.png/ff4444/ffffff,16,4,3,3
517,2,http://dummyimage.com/100x100.png/5fa2dd/ffffff,17,1,1,1
518,3,http://dummyimage.com/100x100.png/cc0000/ffffff,18,2,2,2
519,4,http://dummyimage.com/100x100.png/cc0000/ffffff,19,3,3,3
520,5,http://dummyimage.com/100x100.png/cc0000/ffffff,20,4,1,1
521,1,http://dummyimage.com/100x100.png/cc0000/ffffff,21,1,2,2
522,2,http://dummyimage.com/100x100.png/5fa2dd/ffffff,22,2,3,3
523,3,http://dummyimage.com/100x100.png/ff4444/ffffff,23,3,1,1
524,4,http://dummyimage.com/100x100.png/5fa2dd/ffffff,24,4,2,2
525,5,http://dummyimage.com/100x100.png/5fa2dd/ffffff,25,1,3,3
526,1,http://dummyimage.com/100x100.png/dddddd/000000,26,2,1,1
527,2,http://dummyimage.com/100x100.png/cc0000/ffffff,27,3,2,2
528,3,http://dummyimage.com/100x100.png/ff4444/ffffff,28,4,3,3
529,4,http://dummyimage.com/100x100.png/5fa2dd/ffffff,29,1,1,1
530,5,http://dummyimage.com/100x100.png/5fa2dd/ffffff,30,2,2,2
531,1,http://dummyimage.com/100x100.png/5fa2dd/ffffff,31,3,3,3
532,2,http://dummyimage.com/100x100.png/cc0000/ffffff,32,4,1,1
533,3,http://dummyimage.com/100x100.png/5fa2dd/ffffff,33,1,2,2
534,4,http://dummyimage.com/100x100.png/5fa2dd/ffffff,34,2,3,3
535,5,http://dummyimage.com/100x100.png/dddddd/000000,35,3,1,1
536,1,http://dummyimage.com/100x100.png/cc0000/ffffff,36,4,2,2
537,2,http://dummyimage.com/100x100.png/ff4444/ffffff,37,1,3,3
538,3,http://dummyimage.com/100x100.png/cc0000/ffffff,38,2,1,1
539,4,http://dummyimage.com/100x100.png/5fa2dd/ffffff,39,3,2,2
540,5,http://dummyimage.com/100x100.png/5fa2dd/ffffff,40,4,3,3
541,1,http://dummyimage.com/100x100.png/cc0000/ffffff,41,1,1,1
542,2,http://dummyimage.com/100x100.png/ff4444/ffffff,42,2,2,2
543,3,http://dummyimage.com/100x100.png/5fa2dd/ffffff,43,3,3,3
544,4,http://dummyimage.com/100x100.png/5fa2dd/ffffff,44,4,1,1
545,5,http://dummyimage.com/100x100.png/5fa2dd/ffffff,45,1,2,2
546,1,http://dummyimage.com/100x100.png/ff4444/ffffff,46,2,3,3
547,2,http://dummyimage.com/100x100.png/dddddd/000000,47,3,1,1
548,3,http://dummyimage.com/100x100.png/5fa2dd/ffffff,48,4,2,2
549,4,http://dummyimage.com/100x100.png/5fa2dd/ffffff,49,1,3,3
550,5,http://dummyimage.com/100x100.png/ff4444/ffffff,50,2,1,1
551,1,http://dummyimage.com/100x100.png/cc0000/ffffff,1,3,2,2
552,2,http://dummyimage.com/100x100.png/cc0000/ffffff,2,4,3,3
553,3,http://dummyimage.com/100x100.png/cc0000/ffffff,3,1,1,1
554,4,http://dummyimage.com/100x100.png/ff4444/ffffff,4,2,2,2
555,5,http://dummyimage.com/100x100.png/cc0000/ffffff,5,3,3,3
556,1,http://dummyimage.com/100x100.png/ff4444/ffffff,6,4,1,1
557,2,http://dummyimage.com/100x100.png/cc0000/ffffff,7,1,2,2
558,3,http://dummyimage.com/100x100.png/5fa2dd/ffffff,8,2,3,3
559,4,http://dummyimage.com/100x100.png/5fa2dd/ffffff,9,3,1,1
560,5,http://dummyimage.com/100x100.png/5fa2dd/ffffff,10,4,2,2
561,1,http://dummyimage.com/100x100.png/dddddd/000000,11,1,3,3
562,2,http://dummyimage.com/100x100.png/cc0000/ffffff,12,2,1,1
563,3,http://dummyimage.com/100x100.png/5fa2dd/ffffff,13,3,2,2
564,4,http://dummyimage.com/100x100.png/ff4444/ffffff,14,4,3,3
565,5,http://dummyimage.com/100x100.png/dddddd/000000,15,1,1,1
566,1,http://dummyimage.com/100x100.png/cc0000/ffffff,16,2,2,2
567,2,http://dummyimage.com/100x100.png/cc0000/ffffff,17,3,3,3
568,3,http://dummyimage.com/100x100.png/ff4444/ffffff,18,4,1,1
569,4,http://dummyimage.com/100x100.png/5fa2dd/ffffff,19,1,2,2
570,5,http://dummyimage.com/100x100.png/dddddd/000000,20,2,3,3
571,1,http://dummyimage.com/100x100.png/5fa2dd/ffffff,21,3,1,1
572,2,http://dummyimage.com/100x100.png/cc0000/ffffff,22,4,2,2
573,3,http://dummyimage.com/100x100.png/dddddd/000000,23,1,3,3
574,4,http://dummyimage.com/100x100.png/dddddd/000000,24,2,1,1
575,5,http://dummyimage.com/100x100.png/cc0000/ffffff,25,3,2,2
576,1,http://dummyimage.com/100x100.png/cc0000/ffffff,26,4,3,3
577,2,http://dummyimage.com/100x100.png/dddddd/000000,27,1,1,1
578,3,http://dummyimage.com/100x100.png/dddddd/000000,28,2,2,2
579,4,http://dummyimage.com/100x100.png/dddddd/000000,29,3,3,3
580,5,http://dummyimage.com/100x100.png/ff4444/ffffff,30,4,1,1
581,1,http://dummyimage.com/100x100.png/5fa2dd/ffffff,31,1,2,2
582,2,http://dummyimage.com/100x100.png/5fa2dd/ffffff,32,2,3,3
583,3,http://dummyimage.com/100x100.png/dddddd/000000,33,3,1,1
584,4,http://dummyimage.com/100x100.png/5fa2dd/ffffff,34,4,2,2
585,5,http://dummyimage.com/100x100.png/dddddd/000000,35,1,3,3
586,1,http://dummyimage.com/100x100.png/dddddd/000000,36,2,1,1
587,2,http://dummyimage.com/100x100.png/dddddd/000000,37,3,2,2
588,3,http://dummyimage.com/100x100.png/dddddd/000000,38,4,3,3
589,4,http://dummyimage.com/100x100.png/ff4444/ffffff,39,1,1,1
590,5,http://dummyimage.com/100x100.png/dddddd/000000,40,2,2,2
591,1,http://dummyimage.com/100x100.png/ff4444/ffffff,41,3,3,3
592,2,http://dummyimage.com/100x100.png/dddddd/000000,42,4,1,1
593,3,http://dummyimage.com/100x100.png/ff4444/ffffff,43,1,2,2
594,4,http://dummyimage.com/100x100.png/dddddd/000000,44,2,3,3
595,5,http://dummyimage.com/100x100.png/ff4444/ffffff,45,3,1,1
596,1,http://dummyimage.com/100x100.png/ff4444/ffffff,46,4,2,2
597,2,http://dummyimage.com/100x100.png/5fa2dd/ffffff,47,1,3,3
598,3,http://dummyimage.com/100x100.png/ff4444/ffffff,48,2,1,1
599,4,http://dummyimage.com/100x100.png/5fa2dd/ffffff,49,3,2,2
600,5,http://dummyimage.com/100x100.png/cc0000/ffffff,50,4,3,3
601,1,http://dummyimage.com/100x100.png/dddddd/000000,1,1,1,1
602,2,http://dummyimage.com/100x100.png/ff4444/ffffff,2,2,2,2
603,3,http://dummyimage.com/100x100.png/5fa2dd/ffffff,3,3,3,3
604,4,http://dummyimage.com/100x100.png/ff4444/ffffff,4,4,1,1
605,5,http://dummyimage.com/100x100.png/5fa2dd/ffffff,5,1,2,2
606,1,http://dummyimage.com/100x100.png/dddddd/000000,6,2,3,3
607,2,http://dummyimage.com/100x100.png/5fa2dd/ffffff,7,3,1,1
608,3,http://dummyimage.com/100x100.png/dddddd/000000,8,4,2,2
609,4,http://dummyimage.com/100x100.png/ff4444/ffffff,9,1,3,3
610,5,http://dummyimage.com/100x100.png/dddddd/000000,10,2,1,1
611,1,http://dummyimage.com/100x100.png/cc0000/ffffff,11,3,2,2
612,2,http://dummyimage.com/100x100.png/ff4444/ffffff,12,4,3,3
613,3,http://dummyimage.com/100x100.png/ff4444/ffffff,13,1,1,1
614,4,http://dummyimage.com/100x100.png/ff4444/ffffff,14,2,2,2
615,5,http://dummyimage.com/100x100.png/ff4444/ffffff,15,3,3,3
616,1,http://dummyimage.com/100x100.png/cc0000/ffffff,16,4,1,1
617,2,http://dummyimage.com/100x100.png/5fa2dd/ffffff,17,1,2,2
618,3,http://dummyimage.com/100x100.png/cc0000/ffffff,18,2,3,3
619,4,http://dummyimage.com/100x100.png/5fa2dd/ffffff,19,3,1,1
620,5,http://dummyimage.com/100x100.png/cc0000/ffffff,20,4,2,2
621,1,http://dummyimage.com/100x100.png/dddddd/000000,21,1,3,3
622,2,http://dummyimage.com/100x100.png/dddddd/000000,22,2,1,1
623,3,http://dummyimage.com/100x100.png/ff4444/ffffff,23,3,2,2
624,4,http://dummyimage.com/100x100.png/5fa2dd/ffffff,24,4,3,3
625,5,http://dummyimage.com/100x100.png/ff4444/ffffff,25,1,1,1
626,1,http://dummyimage.com/100x100.png/dddddd/000000,26,2,2,2
627,2,http://dummyimage.com/100x100.png/cc0000/ffffff,27,3,3,3
628,3,http://dummyimage.com/100x100.png/5fa2dd/ffffff,28,4,1,1
629,4,http://dummyimage.com/100x100.png/ff4444/ffffff,29,1,2,2
630,5,http://dummyimage.com/100x100.png/dddddd/000000,30,2,3,3
631,1,http://dummyimage.com/100x100.png/5fa2dd/ffffff,31,3,1,1
632,2,http://dummyimage.com/100x100.png/ff4444/ffffff,32,4,2,2
633,3,http://dummyimage.com/100x100.png/5fa2dd/ffffff,33,1,3,3
634,4,http://dummyimage.com/100x100.png/cc0000/ffffff,34,2,1,1
635,5,http://dummyimage.com/100x100.png/cc0000/ffffff,35,3,2,2
636,1,http://dummyimage.com/100x100.png/5fa2dd/ffffff,36,4,3,3
637,2,http://dummyimage.com/100x100.png/5fa2dd/ffffff,37,1,1,1
638,3,http://dummyimage.com/100x100.png/cc0000/ffffff,38,2,2,2
639,4,http://dummyimage.com/100x100.png/5fa2dd/ffffff,39,3,3,3
640,5,http://dummyimage.com/100x100.png/ff4444/ffffff,40,4,1,1
641,1,http://dummyimage.com/100x100.png/ff4444/ffffff,41,1,2,2
642,2,http://dummyimage.com/100x100.png/ff4444/ffffff,42,2,3,3
643,3,http://dummyimage.com/100x100.png/ff4444/ffffff,43,3,1,1
644,4,http://dummyimage.com/100x100.png/5fa2dd/ffffff,44,4,2,2
645,5,http://dummyimage.com/100x100.png/5fa2dd/ffffff,45,1,3,3
646,1,http://dummyimage.com/100x100.png/dddddd/000000,46,2,1,1
647,2,http://dummyimage.com/100x100.png/cc0000/ffffff,47,3,2,2
648,3,http://dummyimage.com/100x100.png/5fa2dd/ffffff,48,4,3,3
649,4,http://dummyimage.com/100x100.png/cc0000/ffffff,49,1,1,1
650,5,http://dummyimage.com/100x100.png/dddddd/000000,50,2,2,2
651,1,http://dummyimage.com/100x100.png/dddddd/000000,1,3,3,3
652,2,http://dummyimage.com/100x100.png/5fa2dd/ffffff,2,4,1,1
653,3,http://dummyimage.com/100x100.png/dddddd/000000,3,1,2,2
654,4,http://dummyimage.com/100x100.png/5fa2dd/ffffff,4,2,3,3
655,5,http://dummyimage.com/100x100.png/dddddd/000000,5,3,1,1
656,1,http://dummyimage.com/100x100.png/cc0000/ffffff,6,4,2,2
657,2,http://dummyimage.com/100x100.png/ff4444/ffffff,7,1,3,3
658,3,http://dummyimage.com/100x100.png/dddddd/000000,8,2,1,1
659,4,http://dummyimage.com/100x100.png/5fa2dd/ffffff,9,3,2,2
660,5,http://dummyimage.com/100x100.png/cc0000/ffffff,10,4,3,3
661,1,http://dummyimage.com/100x100.png/dddddd/000000,11,1,1,1
662,2,http://dummyimage.com/100x100.png/ff4444/ffffff,12,2,2,2
663,3,http://dummyimage.com/100x100.png/5fa2dd/ffffff,13,3,3,3
664,4,http://dummyimage.com/100x100.png/dddddd/000000,14,4,1,1
665,5,http://dummyimage.com/100x100.png/5fa2dd/ffffff,15,1,2,2
666,1,http://dummyimage.com/100x100.png/ff4444/ffffff,16,2,3,3
667,2,http://dummyimage.com/100x100.png/dddddd/000000,17,3,1,1
668,3,http://dummyimage.com/100x100.png/ff4444/ffffff,18,4,2,2
669,4,http://dummyimage.com/100x100.png/ff4444/ffffff,19,1,3,3
670,5,http://dummyimage.com/100x100.png/dddddd/000000,20,2,1,1
671,1,http://dummyimage.com/100x100.png/5fa2dd/ffffff,21,3,2,2
672,2,http://dummyimage.com/100x100.png/5fa2dd/ffffff,22,4,3,3
673,3,http://dummyimage.com/100x100.png/5fa2dd/ffffff,23,1,1,1
674,4,http://dummyimage.com/100x100.png/5fa2dd/ffffff,24,2,2,2
675,5,http://dummyimage.com/100x100.png/dddddd/000000,25,3,3,3
676,1,http://dummyimage.com/100x100.png/5fa2dd/ffffff,26,4,1,1
677,2,http://dummyimage.com/100x100.png/dddddd/000000,27,1,2,2
678,3,http://dummyimage.com/100x100.png/5fa2dd/ffffff,28,2,3,3
679,4,http://dummyimage.com/100x100.png/dddddd/000000,29,3,1,1
680,5,http://dummyimage.com/100x100.png/ff4444/ffffff,30,4,2,2
681,1,http://dummyimage.com/100x100.png/5fa2dd/ffffff,31,1,3,3
682,2,http://dummyimage.com/100x100.png/cc0000/ffffff,32,2,1,1
683,3,http://dummyimage.com/100x100.png/cc0000/ffffff,33,3,2,2
684,4,http://dummyimage.com/100x100.png/ff4444/ffffff,34,4,3,3
685,5,http://dummyimage.com/100x100.png/dddddd/000000,35,1,1,1
686,1,http://dummyimage.com/100x100.png/cc0000/ffffff,36,2,2,2
687,2,http://dummyimage.com/100x100.png/ff4444/ffffff,37,3,3,3
688,3,http://dummyimage.com/100x100.png/cc0000/ffffff,38,4,1,1
689,4,http://dummyimage.com/100x100.png/cc0000/ffffff,39,1,2,2
690,5,http://dummyimage.com/100x100.png/cc0000/ffffff,40,2,3,3
691,1,http://dummyimage.com/100x100.png/ff4444/ffffff,41,3,1,1
692,2,http://dummyimage.com/100x100.png/cc0000/ffffff,42,4,2,2
693,3,http://dummyimage.com/100x100.png/dddddd/000000,43,1,3,3
694,4,http://dummyimage.com/100x100.png/5fa2dd/ffffff,44,2,1,1
695,5,http://dummyimage.com/100x100.png/5fa2dd/ffffff,45,3,2,2
696,1,http://dummyimage.com/100x100.png/cc0000/ffffff,46,4,3,3
697,2,http://dummyimage.com/100x100.png/dddddd/000000,47,1,1,1
698,3,http://dummyimage.com/100x100.png/dddddd/000000,48,2,2,2
699,4,http://dummyimage.com/100x100.png/5fa2dd/ffffff,49,3,3,3
700,5,http://dummyimage.com/100x100.png/dddddd/000000,50,4,1,1
701,1,http://dummyimage.com/100x100.png/5fa2dd/ffffff,1,1,2,2
702,2,http://dummyimage.com/100x100.png/dddddd/000000,2,2,3,3
703,3,http://dummyimage.com/100x100.png/ff4444/ffffff,3,3,1,1
704,4,http://dummyimage.com/100x100.png/ff4444/ffffff,4,4,2,2
705,5,http://dummyimage.com/100x100.png/5fa2dd/ffffff,5,1,3,3
706,1,http://dummyimage.com/100x100.png/ff4444/ffffff,6,2,1,1
707,2,http://dummyimage.com/100x100.png/cc0000/ffffff,7,3,2,2
708,3,http://dummyimage.com/100x100.png/cc0000/ffffff,8,4,3,3
709,4,http://dummyimage.com/100x100.png/cc0000/ffffff,9,1,1,1
710,5,http://dummyimage.com/100x100.png/ff4444/ffffff,10,2,2,2
711,1,http://dummyimage.com/100x100.png/dddddd/000000,11,3,3,3
712,2,http://dummyimage.com/100x100.png/ff4444/ffffff,12,4,1,1
713,3,http://dummyimage.com/100x100.png/cc0000/ffffff,13,1,2,2
714,4,http://dummyimage.com/100x100.png/dddddd/000000,14,2,3,3
715,5,http://dummyimage.com/100x100.png/ff4444/ffffff,15,3,1,1
716,1,http://dummyimage.com/100x100.png/5fa2dd/ffffff,16,4,2,2
717,2,http://dummyimage.com/100x100.png/5fa2dd/ffffff,17,1,3,3
718,3,http://dummyimage.com/100x100.png/dddddd/000000,18,2,1,1
719,4,http://dummyimage.com/100x100.png/dddddd/000000,19,3,2,2
720,5,http://dummyimage.com/100x100.png/ff4444/ffffff,20,4,3,3
721,1,http://dummyimage.com/100x100.png/ff4444/ffffff,21,1,1,1
722,2,http://dummyimage.com/100x100.png/ff4444/ffffff,22,2,2,2
723,3,http://dummyimage.com/100x100.png/cc0000/ffffff,23,3,3,3
724,4,http://dummyimage.com/100x100.png/5fa2dd/ffffff,24,4,1,1
725,5,http://dummyimage.com/100x100.png/cc0000/ffffff,25,1,2,2
726,1,http://dummyimage.com/100x100.png/dddddd/000000,26,2,3,3
727,2,http://dummyimage.com/100x100.png/5fa2dd/ffffff,27,3,1,1
728,3,http://dummyimage.com/100x100.png/dddddd/000000,28,4,2,2
729,4,http://dummyimage.com/100x100.png/dddddd/000000,29,1,3,3
730,5,http://dummyimage.com/100x100.png/5fa2dd/ffffff,30,2,1,1
731,1,http://dummyimage.com/100x100.png/5fa2dd/ffffff,31,3,2,2
732,2,http://dummyimage.com/100x100.png/dddddd/000000,32,4,3,3
733,3,http://dummyimage.com/100x100.png/cc0000/ffffff,33,1,1,1
734,4,http://dummyimage.com/100x100.png/5fa2dd/ffffff,34,2,2,2
735,5,http://dummyimage.com/100x100.png/cc0000/ffffff,35,3,3,3
736,1,http://dummyimage.com/100x100.png/ff4444/ffffff,36,4,1,1
737,2,http://dummyimage.com/100x100.png/dddddd/000000,37,1,2,2
738,3,http://dummyimage.com/100x100.png/cc0000/ffffff,38,2,3,3
739,4,http://dummyimage.com/100x100.png/dddddd/000000,39,3,1,1
740,5,http://dummyimage.com/100x100.png/cc0000/ffffff,40,4,2,2
741,1,http://dummyimage.com/100x100.png/ff4444/ffffff,41,1,3,3
742,2,http://dummyimage.com/100x100.png/cc0000/ffffff,42,2,1,1
743,3,http://dummyimage.com/100x100.png/cc0000/ffffff,43,3,2,2
744,4,http://dummyimage.com/100x100.png/ff4444/ffffff,44,4,3,3
745,5,http://dummyimage.com/100x100.png/dddddd/000000,45,1,1,1
746,1,http://dummyimage.com/100x100.png/cc0000/ffffff,46,2,2,2
747,2,http://dummyimage.com/100x100.png/5fa2dd/ffffff,47,3,3,3
748,3,http://dummyimage.com/100x100.png/ff4444/ffffff,48,4,1,1
749,4,http://dummyimage.com/100x100.png/ff4444/ffffff,49,1,2,2
750,5,http://dummyimage.com/100x100.png/dddddd/000000,50,2,3,3
751,1,http://dummyimage.com/100x100.png/5fa2dd/ffffff,1,3,1,1
752,2,http://dummyimage.com/100x100.png/dddddd/000000,2,4,2,2
753,3,http://dummyimage.com/100x100.png/cc0000/ffffff,3,1,3,3
754,4,http://dummyimage.com/100x100.png/cc0000/ffffff,4,2,1,1
755,5,http://dummyimage.com/100x100.png/ff4444/ffffff,5,3,2,2
756,1,http://dummyimage.com/100x100.png/5fa2dd/ffffff,6,4,3,3
757,2,http://dummyimage.com/100x100.png/ff4444/ffffff,7,1,1,1
758,3,http://dummyimage.com/100x100.png/5fa2dd/ffffff,8,2,2,2
759,4,http://dummyimage.com/100x100.png/5fa2dd/ffffff,9,3,3,3
760,5,http://dummyimage.com/100x100.png/cc0000/ffffff,10,4,1,1
761,1,http://dummyimage.com/100x100.png/5fa2dd/ffffff,11,1,2,2
762,2,http://dummyimage.com/100x100.png/dddddd/000000,12,2,3,3
763,3,http://dummyimage.com/100x100.png/dddddd/000000,13,3,1,1
764,4,http://dummyimage.com/100x100.png/ff4444/ffffff,14,4,2,2
765,5,http://dummyimage.com/100x100.png/cc0000/ffffff,15,1,3,3
766,1,http://dummyimage.com/100x100.png/dddddd/000000,16,2,1,1
767,2,http://dummyimage.com/100x100.png/5fa2dd/ffffff,17,3,2,2
768,3,http://dummyimage.com/100x100.png/cc0000/ffffff,18,4,3,3
769,4,http://dummyimage.com/100x100.png/5fa2dd/ffffff,19,1,1,1
770,5,http://dummyimage.com/100x100.png/cc0000/ffffff,20,2,2,2
771,1,http://dummyimage.com/100x100.png/ff4444/ffffff,21,3,3,3
772,2,http://dummyimage.com/100x100.png/ff4444/ffffff,22,4,1,1
773,3,http://dummyimage.com/100x100.png/5fa2dd/ffffff,23,1,2,2
774,4,http://dummyimage.com/100x100.png/ff4444/ffffff,24,2,3,3
775,5,http://dummyimage.com/100x100.png/ff4444/ffffff,25,3,1,1
776,1,http://dummyimage.com/100x100.png/cc0000/ffffff,26,4,2,2
777,2,http://dummyimage.com/100x100.png/5fa2dd/ffffff,27,1,3,3
778,3,http://dummyimage.com/100x100.png/5fa2dd/ffffff,28,2,1,1
779,4,http://dummyimage.com/100x100.png/dddddd/000000,29,3,2,2
780,5,http://dummyimage.com/100x100.png/ff4444/ffffff,30,4,3,3
781,1,http://dummyimage.com/100x100.png/ff4444/ffffff,31,1,1,1
782,2,http://dummyimage.com/100x100.png/dddddd/000000,32,2,2,2
783,3,http://dummyimage.com/100x100.png/ff4444/ffffff,33,3,3,3
784,4,http://dummyimage.com/100x100.png/dddddd/000000,34,4,1,1
785,5,http://dummyimage.com/100x100.png/ff4444/ffffff,35,1,2,2
786,1,http://dummyimage.com/100x100.png/cc0000/ffffff,36,2,3,3
787,2,http://dummyimage.com/100x100.png/cc0000/ffffff,37,3,1,1
788,3,http://dummyimage.com/100x100.png/5fa2dd/ffffff,38,4,2,2
789,4,http://dummyimage.com/100x100.png/5fa2dd/ffffff,39,1,3,3
790,5,http://dummyimage.com/100x100.png/5fa2dd/ffffff,40,2,1,1
791,1,http://dummyimage.com/100x100.png/5fa2dd/ffffff,41,3,2,2
792,2,http://dummyimage.com/100x100.png/dddddd/000000,42,4,3,3
793,3,http://dummyimage.com/100x100.png/5fa2dd/ffffff,43,1,1,1
794,4,http://dummyimage.com/100x100.png/ff4444/ffffff,44,2,2,2
795,5,http://dummyimage.com/100x100.png/cc0000/ffffff,45,3,3,3
796,1,http://dummyimage.com/100x100.png/ff4444/ffffff,46,4,1,1
797,2,http://dummyimage.com/100x100.png/dddddd/000000,47,1,2,2
798,3,http://dummyimage.com/100x100.png/ff4444/ffffff,48,2,3,3
799,4,http://dummyimage.com/100x100.png/dddddd/000000,49,3,1,1
800,5,http://dummyimage.com/100x100.png/ff4444/ffffff,50,4,2,2
801,1,http://dummyimage.com/100x100.png/5fa2dd/ffffff,1,1,3,3
802,2,http://dummyimage.com/100x100.png/ff4444/ffffff,2,2,1,1
803,3,http://dummyimage.com/100x100.png/cc0000/ffffff,3,3,2,2
804,4,http://dummyimage.com/100x100.png/dddddd/000000,4,4,3,3
805,5,http://dummyimage.com/100x100.png/dddddd/000000,5,1,1,1
806,1,http://dummyimage.com/100x100.png/cc0000/ffffff,6,2,2,2
807,2,http://dummyimage.com/100x100.png/5fa2dd/ffffff,7,3,3,3
808,3,http://dummyimage.com/100x100.png/ff4444/ffffff,8,4,1,1
809,4,http://dummyimage.com/100x100.png/dddddd/000000,9,1,2,2
810,5,http://dummyimage.com/100x100.png/5fa2dd/ffffff,10,2,3,3
811,1,http://dummyimage.com/100x100.png/ff4444/ffffff,11,3,1,1
812,2,http://dummyimage.com/100x100.png/dddddd/000000,12,4,2,2
813,3,http://dummyimage.com/100x100.png/cc0000/ffffff,13,1,3,3
814,4,http://dummyimage.com/100x100.png/dddddd/000000,14,2,1,1
815,5,http://dummyimage.com/100x100.png/ff4444/ffffff,15,3,2,2
816,1,http://dummyimage.com/100x100.png/ff4444/ffffff,16,4,3,3
817,2,http://dummyimage.com/100x100.png/5fa2dd/ffffff,17,1,1,1
818,3,http://dummyimage.com/100x100.png/ff4444/ffffff,18,2,2,2
819,4,http://dummyimage.com/100x100.png/5fa2dd/ffffff,19,3,3,3
820,5,http://dummyimage.com/100x100.png/cc0000/ffffff,20,4,1,1
821,1,http://dummyimage.com/100x100.png/5fa2dd/ffffff,21,1,2,2
822,2,http://dummyimage.com/100x100.png/dddddd/000000,22,2,3,3
823,3,http://dummyimage.com/100x100.png/5fa2dd/ffffff,23,3,1,1
824,4,http://dummyimage.com/100x100.png/dddddd/000000,24,4,2,2
825,5,http://dummyimage.com/100x100.png/ff4444/ffffff,25,1,3,3
826,1,http://dummyimage.com/100x100.png/cc0000/ffffff,26,2,1,1
827,2,http://dummyimage.com/100x100.png/cc0000/ffffff,27,3,2,2
828,3,http://dummyimage.com/100x100.png/cc0000/ffffff,28,4,3,3
829,4,http://dummyimage.com/100x100.png/5fa2dd/ffffff,29,1,1,1
830,5,http://dummyimage.com/100x100.png/ff4444/ffffff,30,2,2,2
831,1,http://dummyimage.com/100x100.png/5fa2dd/ffffff,31,3,3,3
832,2,http://dummyimage.com/100x100.png/cc0000/ffffff,32,4,1,1
833,3,http://dummyimage.com/100x100.png/ff4444/ffffff,33,1,2,2
834,4,http://dummyimage.com/100x100.png/dddddd/000000,34,2,3,3
835,5,http://dummyimage.com/100x100.png/cc0000/ffffff,35,3,1,1
836,1,http://dummyimage.com/100x100.png/ff4444/ffffff,36,4,2,2
837,2,http://dummyimage.com/100x100.png/dddddd/000000,37,1,3,3
838,3,http://dummyimage.com/100x100.png/5fa2dd/ffffff,38,2,1,1
839,4,http://dummyimage.com/100x100.png/5fa2dd/ffffff,39,3,2,2
840,5,http://dummyimage.com/100x100.png/ff4444/ffffff,40,4,3,3
841,1,http://dummyimage.com/100x100.png/dddddd/000000,41,1,1,1
842,2,http://dummyimage.com/100x100.png/ff4444/ffffff,42,2,2,2
843,3,http://dummyimage.com/100x100.png/5fa2dd/ffffff,43,3,3,3
844,4,http://dummyimage.com/100x100.png/ff4444/ffffff,44,4,1,1
845,5,http://dummyimage.com/100x100.png/5fa2dd/ffffff,45,1,2,2
846,1,http://dummyimage.com/100x100.png/ff4444/ffffff,46,2,3,3
847,2,http://dummyimage.com/100x100.png/ff4444/ffffff,47,3,1,1
848,3,http://dummyimage.com/100x100.png/dddddd/000000,48,4,2,2
849,4,http://dummyimage.com/100x100.png/5fa2dd/ffffff,49,1,3,3
850,5,http://dummyimage.com/100x100.png/5fa2dd/ffffff,50,2,1,1
851,1,http://dummyimage.com/100x100.png/cc0000/ffffff,1,3,2,2
852,2,http://dummyimage.com/100x100.png/dddddd/000000,2,4,3,3
853,3,http://dummyimage.com/100x100.png/dddddd/000000,3,1,1,1
854,4,http://dummyimage.com/100x100.png/ff4444/ffffff,4,2,2,2
855,5,http://dummyimage.com/100x100.png/dddddd/000000,5,3,3,3
856,1,http://dummyimage.com/100x100.png/cc0000/ffffff,6,4,1,1
857,2,http://dummyimage.com/100x100.png/ff4444/ffffff,7,1,2,2
858,3,http://dummyimage.com/100x100.png/5fa2dd/ffffff,8,2,3,3
859,4,http://dummyimage.com/100x100.png/dddddd/000000,9,3,1,1
860,5,http://dummyimage.com/100x100.png/cc0000/ffffff,10,4,2,2
861,1,http://dummyimage.com/100x100.png/dddddd/000000,11,1,3,3
862,2,http://dummyimage.com/100x100.png/dddddd/000000,12,2,1,1
863,3,http://dummyimage.com/100x100.png/ff4444/ffffff,13,3,2,2
864,4,http://dummyimage.com/100x100.png/ff4444/ffffff,14,4,3,3
865,5,http://dummyimage.com/100x100.png/cc0000/ffffff,15,1,1,1
866,1,http://dummyimage.com/100x100.png/dddddd/000000,16,2,2,2
867,2,http://dummyimage.com/100x100.png/5fa2dd/ffffff,17,3,3,3
868,3,http://dummyimage.com/100x100.png/5fa2dd/ffffff,18,4,1,1
869,4,http://dummyimage.com/100x100.png/ff4444/ffffff,19,1,2,2
870,5,http://dummyimage.com/100x100.png/5fa2dd/ffffff,20,2,3,3
871,1,http://dummyimage.com/100x100.png/cc0000/ffffff,21,3,1,1
872,2,http://dummyimage.com/100x100.png/5fa2dd/ffffff,22,4,2,2
873,3,http://dummyimage.com/100x100.png/dddddd/000000,23,1,3,3
874,4,http://dummyimage.com/100x100.png/cc0000/ffffff,24,2,1,1
875,5,http://dummyimage.com/100x100.png/ff4444/ffffff,25,3,2,2
876,1,http://dummyimage.com/100x100.png/ff4444/ffffff,26,4,3,3
877,2,http://dummyimage.com/100x100.png/ff4444/ffffff,27,1,1,1
878,3,http://dummyimage.com/100x100.png/5fa2dd/ffffff,28,2,2,2
879,4,http://dummyimage.com/100x100.png/5fa2dd/ffffff,29,3,3,3
880,5,http://dummyimage.com/100x100.png/ff4444/ffffff,30,4,1,1
881,1,http://dummyimage.com/100x100.png/dddddd/000000,31,1,2,2
882,2,http://dummyimage.com/100x100.png/cc0000/ffffff,32,2,3,3
883,3,http://dummyimage.com/100x100.png/dddddd/000000,33,3,1,1
884,4,http://dummyimage.com/100x100.png/dddddd/000000,34,4,2,2
885,5,http://dummyimage.com/100x100.png/cc0000/ffffff,35,1,3,3
886,1,http://dummyimage.com/100x100.png/ff4444/ffffff,36,2,1,1
887,2,http://dummyimage.com/100x100.png/dddddd/000000,37,3,2,2
888,3,http://dummyimage.com/100x100.png/ff4444/ffffff,38,4,3,3
889,4,http://dummyimage.com/100x100.png/ff4444/ffffff,39,1,1,1
890,5,http://dummyimage.com/100x100.png/5fa2dd/ffffff,40,2,2,2
891,1,http://dummyimage.com/100x100.png/5fa2dd/ffffff,41,3,3,3
892,2,http://dummyimage.com/100x100.png/cc0000/ffffff,42,4,1,1
893,3,http://dummyimage.com/100x100.png/ff4444/ffffff,43,1,2,2
894,4,http://dummyimage.com/100x100.png/5fa2dd/ffffff,44,2,3,3
895,5,http://dummyimage.com/100x100.png/dddddd/000000,45,3,1,1
896,1,http://dummyimage.com/100x100.png/5fa2dd/ffffff,46,4,2,2
897,2,http://dummyimage.com/100x100.png/5fa2dd/ffffff,47,1,3,3
898,3,http://dummyimage.com/100x100.png/5fa2dd/ffffff,48,2,1,1
899,4,http://dummyimage.com/100x100.png/dddddd/000000,49,3,2,2
900,5,http://dummyimage.com/100x100.png/5fa2dd/ffffff,50,4,3,3
901,1,http://dummyimage.com/100x100.png/ff4444/ffffff,1,1,1,1
902,2,http://dummyimage.com/100x100.png/5fa2dd/ffffff,2,2,2,2
903,3,http://dummyimage.com/100x100.png/cc0000/ffffff,3,3,3,3
904,4,http://dummyimage.com/100x100.png/5fa2dd/ffffff,4,4,1,1
905,5,http://dummyimage.com/100x100.png/dddddd/000000,5,1,2,2
906,1,http://dummyimage.com/100x100.png/5fa2dd/ffffff,6,2,3,3
907,2,http://dummyimage.com/100x100.png/cc0000/ffffff,7,3,1,1
908,3,http://dummyimage.com/100x100.png/cc0000/ffffff,8,4,2,2
909,4,http://dummyimage.com/100x100.png/cc0000/ffffff,9,1,3,3
910,5,http://dummyimage.com/100x100.png/dddddd/000000,10,2,1,1
911,1,http://dummyimage.com/100x100.png/5fa2dd/ffffff,11,3,2,2
912,2,http://dummyimage.com/100x100.png/5fa2dd/ffffff,12,4,3,3
913,3,http://dummyimage.com/100x100.png/cc0000/ffffff,13,1,1,1
914,4,http://dummyimage.com/100x100.png/cc0000/ffffff,14,2,2,2
915,5,http://dummyimage.com/100x100.png/cc0000/ffffff,15,3,3,3
916,1,http://dummyimage.com/100x100.png/ff4444/ffffff,16,4,1,1
917,2,http://dummyimage.com/100x100.png/ff4444/ffffff,17,1,2,2
918,3,http://dummyimage.com/100x100.png/cc0000/ffffff,18,2,3,3
919,4,http://dummyimage.com/100x100.png/dddddd/000000,19,3,1,1
920,5,http://dummyimage.com/100x100.png/cc0000/ffffff,20,4,2,2
921,1,http://dummyimage.com/100x100.png/ff4444/ffffff,21,1,3,3
922,2,http://dummyimage.com/100x100.png/dddddd/000000,22,2,1,1
923,3,http://dummyimage.com/100x100.png/dddddd/000000,23,3,2,2
924,4,http://dummyimage.com/100x100.png/ff4444/ffffff,24,4,3,3
925,5,http://dummyimage.com/100x100.png/cc0000/ffffff,25,1,1,1
926,1,http://dummyimage.com/100x100.png/cc0000/ffffff,26,2,2,2
927,2,http://dummyimage.com/100x100.png/5fa2dd/ffffff,27,3,3,3
928,3,http://dummyimage.com/100x100.png/cc0000/ffffff,28,4,1,1
929,4,http://dummyimage.com/100x100.png/ff4444/ffffff,29,1,2,2
930,5,http://dummyimage.com/100x100.png/5fa2dd/ffffff,30,2,3,3
931,1,http://dummyimage.com/100x100.png/ff4444/ffffff,31,3,1,1
932,2,http://dummyimage.com/100x100.png/cc0000/ffffff,32,4,2,2
933,3,http://dummyimage.com/100x100.png/dddddd/000000,33,1,3,3
934,4,http://dummyimage.com/100x100.png/ff4444/ffffff,34,2,1,1
935,5,http://dummyimage.com/100x100.png/ff4444/ffffff,35,3,2,2
936,1,http://dummyimage.com/100x100.png/dddddd/000000,36,4,3,3
937,2,http://dummyimage.com/100x100.png/cc0000/ffffff,37,1,1,1
938,3,http://dummyimage.com/100x100.png/5fa2dd/ffffff,38,2,2,2
939,4,http://dummyimage.com/100x100.png/ff4444/ffffff,39,3,3,3
940,5,http://dummyimage.com/100x100.png/ff4444/ffffff,40,4,1,1
941,1,http://dummyimage.com/100x100.png/dddddd/000000,41,1,2,2
942,2,http://dummyimage.com/100x100.png/cc0000/ffffff,42,2,3,3
943,3,http://dummyimage.com/100x100.png/5fa2dd/ffffff,43,3,1,1
944,4,http://dummyimage.com/100x100.png/ff4444/ffffff,44,4,2,2
945,5,http://dummyimage.com/100x100.png/5fa2dd/ffffff,45,1,3,3
946,1,http://dummyimage.com/100x100.png/cc0000/ffffff,46,2,1,1
947,2,http://dummyimage.com/100x100.png/dddddd/000000,47,3,2,2
948,3,http://dummyimage.com/100x100.png/ff4444/ffffff,48,4,3,3
949,4,http://dummyimage.com/100x100.png/5fa2dd/ffffff,49,1,1,1
950,5,http://dummyimage.com/100x100.png/ff4444/ffffff,50,2,2,2
951,1,http://dummyimage.com/100x100.png/dddddd/000000,1,3,3,3
952,2,http://dummyimage.com/100x100.png/ff4444/ffffff,2,4,1,1
953,3,http://dummyimage.com/100x100.png/5fa2dd/ffffff,3,1,2,2
954,4,http://dummyimage.com/100x100.png/ff4444/ffffff,4,2,3,3
955,5,http://dummyimage.com/100x100.png/5fa2dd/ffffff,5,3,1,1
956,1,http://dummyimage.com/100x100.png/ff4444/ffffff,6,4,2,2
957,2,http://dummyimage.com/100x100.png/dddddd/000000,7,1,3,3
958,3,http://dummyimage.com/100x100.png/ff4444/ffffff,8,2,1,1
959,4,http://dummyimage.com/100x100.png/5fa2dd/ffffff,9,3,2,2
960,5,http://dummyimage.com/100x100.png/cc0000/ffffff,10,4,3,3
961,1,http://dummyimage.com/100x100.png/ff4444/ffffff,11,1,1,1
962,2,http://dummyimage.com/100x100.png/ff4444/ffffff,12,2,2,2
963,3,http://dummyimage.com/100x100.png/5fa2dd/ffffff,13,3,3,3
964,4,http://dummyimage.com/100x100.png/ff4444/ffffff,14,4,1,1
965,5,http://dummyimage.com/100x100.png/ff4444/ffffff,15,1,2,2
966,1,http://dummyimage.com/100x100.png/ff4444/ffffff,16,2,3,3
967,2,http://dummyimage.com/100x100.png/cc0000/ffffff,17,3,1,1
968,3,http://dummyimage.com/100x100.png/ff4444/ffffff,18,4,2,2
969,4,http://dummyimage.com/100x100.png/cc0000/ffffff,19,1,3,3
970,5,http://dummyimage.com/100x100.png/ff4444/ffffff,20,2,1,1
971,1,http://dummyimage.com/100x100.png/dddddd/000000,21,3,2,2
972,2,http://dummyimage.com/100x100.png/5fa2dd/ffffff,22,4,3,3
973,3,http://dummyimage.com/100x100.png/cc0000/ffffff,23,1,1,1
974,4,http://dummyimage.com/100x100.png/dddddd/000000,24,2,2,2
975,5,http://dummyimage.com/100x100.png/dddddd/000000,25,3,3,3
976,1,http://dummyimage.com/100x100.png/5fa2dd/ffffff,26,4,1,1
977,2,http://dummyimage.com/100x100.png/5fa2dd/ffffff,27,1,2,2
978,3,http://dummyimage.com/100x100.png/ff4444/ffffff,28,2,3,3
979,4,http://dummyimage.com/100x100.png/ff4444/ffffff,29,3,1,1
980,5,http://dummyimage.com/100x100.png/cc0000/ffffff,30,4,2,2
981,1,http://dummyimage.com/100x100.png/ff4444/ffffff,31,1,3,3
982,2,http://dummyimage.com/100x100.png/5fa2dd/ffffff,32,2,1,1
983,3,http://dummyimage.com/100x100.png/5fa2dd/ffffff,33,3,2,2
984,4,http://dummyimage.com/100x100.png/ff4444/ffffff,34,4,3,3
985,5,http://dummyimage.com/100x100.png/cc0000/ffffff,35,1,1,1
986,1,http://dummyimage.com/100x100.png/ff4444/ffffff,36,2,2,2
987,2,http://dummyimage.com/100x100.png/ff4444/ffffff,37,3,3,3
988,3,http://dummyimage.com/100x100.png/5fa2dd/ffffff,38,4,1,1
989,4,http://dummyimage.com/100x100.png/5fa2dd/ffffff,39,1,2,2
990,5,http://dummyimage.com/100x100.png/5fa2dd/ffffff,40,2,3,3
991,1,http://dummyimage.com/100x100.png/5fa2dd/ffffff,41,3,1,1
992,2,http://dummyimage.com/100x100.png/cc0000/ffffff,42,4,2,2
993,3,http://dummyimage.com/100x100.png/ff4444/ffffff,43,1,3,3
994,4,http://dummyimage.com/100x100.png/dddddd/000000,44,2,1,1
995,5,http://dummyimage.com/100x100.png/ff4444/ffffff,45,3,2,2
996,1,http://dummyimage.com/100x100.png/cc0000/ffffff,46,4,3,3
997,2,http://dummyimage.com/100x100.png/cc0000/ffffff,47,1,1,1
998,3,http://dummyimage.com/100x100.png/cc0000/ffffff,48,2,2,2
999,4,http://dummyimage.com/100x100.png/5fa2dd/ffffff,49,3,3,3
1000,5,http://dummyimage.com/100x100.png/dddddd/000000,50,4,1,1
